work_id,canonical_title,original_bengali_title,publication,publication_date,rights_status,publication_status,source_id,notes
zea-2026-04-09-hame-shishu-mrityur-jonno-dayi-ontorborti-sorkarer-dayittojnyanhinota,"হামে শিশু মৃত্যুর জন্য দায়ী অন্তর্বর্তী সরকারের দায়িত্বজ্ঞানহীনতা","হামে শিশু মৃত্যুর জন্য দায়ী অন্তর্বর্তী সরকারের দায়িত্বজ্ঞানহীনতা",চরচা,2026-04-09,full_text_permitted,published,source-chaarcha-2026-04-09-measles,"Expanded public Facebook post and Chaarcha page confirm title, author, date, publication, section, and complete body; canonical source URL verified at https://www.chaarcha.com/thoughts/chgktm3eamzd."
zea-2026-05-10-juktorashtrer-shonge-shulko-chukti-tara-nirob-keno,"যুক্তরাষ্ট্রের সঙ্গে শুল্ক চুক্তি: তারা নীরব কেন?","যুক্তরাষ্ট্রের সঙ্গে শুল্ক চুক্তি: তারা নীরব কেন?",চরচা,2026-05-10,full_text_permitted,published,source-facebook-2026-05-10-tariff-agreement,"Expanded public Facebook post and Chaarcha page confirm title, author, date, publication, section, and complete body; canonical source URL verified at https://www.chaarcha.com/thoughts/chwemhab79uq."
zea-2026-05-20-eid-utshob-orthonitir-jiboni-shokti,"ঈদ উৎসব অর্থনীতির জীবনীশক্তি","ঈদ উৎসব অর্থনীতির জীবনীশক্তি",চরচা,2026-05-20,full_text_permitted,published,source-facebook-2026-05-20-eid-economy,"Expanded public Facebook post and Chaarcha page confirm title, author, date, publication, section, and complete body; canonical source URL verified at https://www.chaarcha.com/thoughts/chupdsqx7nfd."
zea-2026-06-09-islami-bank-niye-rajnoitik-tanaporen-keno,"ইসলামী ব্যাংক নিয়ে রাজনৈতিক টানাপোড়েন কেন?","ইসলামী ব্যাংক নিয়ে রাজনৈতিক টানাপোড়েন কেন?",চরচা,2026-06-09,full_text_permitted,published,source-facebook-2026-06-09-islami-bank,"Expanded public Facebook post and Chaarcha page confirm title, author, date, publication, section, and complete body; canonical source URL verified at https://www.chaarcha.com/thoughts/ch1sqljwbi3q."
zea-2026-09-01-bidyut-jay-ase-jabab-thake-na,"বিদ্যুৎ যায়-আসে, জবাব থাকে না","বিদ্যুৎ যায়-আসে, জবাব থাকে না",চরচা,2026-09-01,full_text_permitted,published,source-facebook-2026-09-01-bidyut-jay-ase,"Expanded public Facebook search result by Zeauddin Ahmed Bitu confirms the ১ সেপ্টেম্বর ২০২৬ column and complete text; Chaarcha canonical page verifies the author, publication timestamp, and original URL https://www.chaarcha.com/thoughts/chk44rjhbx8q."
zea-2026-06-29-mamlar-jote-bondi-neybichar,"মামলার জটে বন্দী ন্যায়বিচার","মামলার জটে বন্দী ন্যায়বিচার",চরচা,2026-06-29,full_text_permitted,published,source-facebook-2026-06-29-mamlar-jote,"Facebook and Chaarcha exact-title page confirm title, author, date, publication, section, and complete body; canonical source URL verified at https://www.chaarcha.com/thoughts/ch5xdcw8i3fm."
zea-2024-06-20-okutobhoy-kutnaitik-mahiuddin-ahmad,"অকুতোভয় কূটনীতিক মহিউদ্দিন আহমদ","অকুতোভয় কূটনীতিক মহিউদ্দিন আহমদ",Views Bangladesh,2024-06-20,full_text_permitted,published,source-viewsbangladesh-mohiuddin-2024-06-19,"Facebook-linked source confirms the title and author; Facebook post date is 20 June 2024 and source timestamp is 19 June 2024."
zea-2024-11-16-bangladeshe-onushrito-gonotontroer-shorup,"বাংলাদেশে অনুসৃত গণতন্ত্রের স্বরূপ","বাংলাদেশে অনুসৃত গণতন্ত্রের স্বরূপ",Views Bangladesh,2024-11-16,full_text_permitted,published,source-viewsbangladesh-democracy-2024-11-16,"Existing record reconciled against the Facebook-linked Views Bangladesh page, which confirms the title, author, and timestamp."
zea-2024-08-10-ismail-haniyer-karun-mrityu,"ইসমাইল হানিয়ের করুণ মৃত্যু","ইসমাইল হানিয়ের করুণ মৃত্যু",Views Bangladesh,2024-08-10,full_text_permitted,published,source-viewsbangladesh-haniyeh-2024-08-10,"Facebook-linked Views Bangladesh page confirms the title, author, and 10 August 2024 timestamp; the matching Sangbad page dated 11 August 2024 is treated as a later copy."
zea-2022-01-20-kawali-ganer-onushthan-pond,"কাওয়ালি গানের অনুষ্ঠান পণ্ড","কাওয়ালি গানের অনুষ্ঠান পণ্ড",সাম্প্রতিক দেশকাল,2022-01-20,full_text_permitted,published,source-samprotikdeshkal-kawali-2022-01-20,"Existing archive record reconciled against the exact Samprotik Deshkal title, author, section, and publication timestamp."
zea-2026-03-15-sangbad-448,"মধ্যপ্রাচ্যে শক্তির রাজনীতি: প্রযুক্তি, ক্ষমতা ও মুসলিম বিশ্বের সংকট","মধ্যপ্রাচ্যে শক্তির রাজনীতি: প্রযুক্তি, ক্ষমতা ও মুসলিম বিশ্বের সংকট",সংবাদ,2026-03-15,full_text_permitted,published,source-sangbad-448,"Full authorized article imported; advertisements and unrelated source-page elements removed."
zea-2026-04-04-sangbad-1574,"জ্বালানি সংকটের চেয়ে বড় সংকট আস্থাহীনতা","জ্বালানি সংকটের চেয়ে বড় সংকট আস্থাহীনতা",সংবাদ,2026-04-04,full_text_permitted,published,source-sangbad-1574,"Full authorized article imported; advertisements and unrelated source-page elements removed."
zea-2026-04-18-sangbad-2635,"ধর্মের নামে সহিংসতা: কোথায় আমাদের সীমারেখা?","ধর্মের নামে সহিংসতা: কোথায় আমাদের সীমারেখা?",সংবাদ,2026-04-18,full_text_permitted,published,source-sangbad-2635,"Full authorized article imported; advertisements and unrelated source-page elements removed."
zea-2026-04-25-sangbad-3164,"রাজনীতি নয়, অর্থনীতিই গুরুত্বপূর্ণ","রাজনীতি নয়, অর্থনীতিই গুরুত্বপূর্ণ",সংবাদ,2026-04-25,full_text_permitted,published,source-sangbad-3164,"Full authorized article imported; advertisements and unrelated source-page elements removed."
zea-2026-05-02-sangbad-3773,"উন্নয়নশীলের পথে বিরতি: সিদ্ধান্তের পেছনের প্রশ্ন","উন্নয়নশীলের পথে বিরতি: সিদ্ধান্তের পেছনের প্রশ্ন",সংবাদ,2026-05-02,full_text_permitted,published,source-sangbad-3773,"Full authorized article imported; advertisements and unrelated source-page elements removed."
zea-2026-05-09-sangbad-4472,"সংবিধান সংশোধনের রাজনীতি","সংবিধান সংশোধনের রাজনীতি",সংবাদ,2026-05-09,full_text_permitted,published,source-sangbad-4472,"Full authorized article imported; advertisements and unrelated source-page elements removed."
zea-2026-05-16-sangbad-5271,"শিশুদের নিরাপত্তা কোথায়","শিশুদের নিরাপত্তা কোথায়",সংবাদ,2026-05-16,full_text_permitted,published,source-sangbad-5271,"Full authorized article imported; advertisements and unrelated source-page elements removed."
zea-2026-05-23-sangbad-5986,"অনার কিলিং: সভ্যতার অন্ধকার মুখ","অনার কিলিং: সভ্যতার অন্ধকার মুখ",সংবাদ,2026-05-23,full_text_permitted,published,source-sangbad-5986,"Full authorized article imported; advertisements and unrelated source-page elements removed."
zea-2026-06-06-sangbad-7105,"শাস্তির প্রদর্শন নয়, বিচার নিশ্চিত হোক","শাস্তির প্রদর্শন নয়, বিচার নিশ্চিত হোক",সংবাদ,2026-06-06,full_text_permitted,published,source-sangbad-7105,"Full authorized article imported; advertisements and unrelated source-page elements removed."
zea-2026-06-13-sangbad-7916,"বিরোধিতাহীন রাজনীতির বিপদ","বিরোধিতাহীন রাজনীতির বিপদ",সংবাদ,2026-06-13,full_text_permitted,published,source-sangbad-7916,"Full authorized article imported; advertisements and unrelated source-page elements removed."
zea-2026-06-20-sangbad-8627,"স্বাধীন সাংবাদিকতার পথে বাধা কোথায়","স্বাধীন সাংবাদিকতার পথে বাধা কোথায়",সংবাদ,2026-06-20,full_text_permitted,published,source-sangbad-8627,"Full authorized article imported; advertisements and unrelated source-page elements removed."
zea-2026-06-27-sangbad-9440,"বার্ধক্যের নতুন বাস্তবতা","বার্ধক্যের নতুন বাস্তবতা",সংবাদ,2026-06-27,full_text_permitted,published,source-sangbad-9440,"Full authorized article imported; advertisements and unrelated source-page elements removed."
zea-2026-07-04-sangbad-10154,"কুকুরের কান্না, মানুষের নীরবতা","কুকুরের কান্না, মানুষের নীরবতা",সংবাদ,2026-07-04,full_text_permitted,published,source-sangbad-10154,"Full authorized article imported; advertisements and unrelated source-page elements removed."
zea-2026-07-12-sangbad-10895,"জানাজা এক মঞ্চে, উৎসব অন্য মঞ্চে","জানাজা এক মঞ্চে, উৎসব অন্য মঞ্চে",সংবাদ,2026-07-12,full_text_permitted,published,source-sangbad-10895,"Full authorized article imported; advertisements and unrelated source-page elements removed."
zea-2026-07-18-sangbad-11418,"হাড্ডি আমার, মাংস আপনার","হাড্ডি আমার, মাংস আপনার",সংবাদ,2026-07-18,full_text_permitted,published,source-sangbad-11418,"Full authorized article imported; advertisements and unrelated source-page elements removed."
zea-2026-07-25-sangbad-11975,"আবারও কি ভাঙছে পাকিস্তান","আবারও কি ভাঙছে পাকিস্তান",সংবাদ,2026-07-25,full_text_permitted,published,source-sangbad-11975,"Full authorized article imported; advertisements and unrelated source-page elements removed."
zea-2026-08-01-sangbad-12677,"তেলাপোকা ফিরেছে, কারণ ক্ষত শুকায়নি","তেলাপোকা ফিরেছে, কারণ ক্ষত শুকায়নি",সংবাদ,2026-08-01,full_text_permitted,published,source-sangbad-12677,"Full authorized article imported; advertisements and unrelated source-page elements removed."
zea-2026-08-08-sangbad-13399,"গানে গানে গগনভেদী প্রতিবাদ","গানে গানে গগনভেদী প্রতিবাদ",সংবাদ,2026-08-08,full_text_permitted,published,source-sangbad-13399,"Full authorized article imported; advertisements and unrelated source-page elements removed."
zea-2026-08-14-chaarcha-chsh3q21m2st,"সরকারের ৬ মাস: দেশটা ভালো চলছে কি?","সরকারের ৬ মাস: দেশটা ভালো চলছে কি?",চরচা,2026-08-14,full_text_permitted,published,source-chaarcha-chsh3q21m2st,"Full article imported from the public Chaarcha source page linked by the author's Facebook post; advertisements and unrelated page elements removed."
zea-2026-08-15-sangbad-14301,"অর্থনীতির লাশের ওপর রাজনীতির উৎসব","অর্থনীতির লাশের ওপর রাজনীতির উৎসব",সংবাদ,2026-08-15,full_text_permitted,published,source-sangbad-14301,"Full authorized article imported; advertisements and unrelated source-page elements removed."
zea-2026-08-22-sangbad-14979,"ভাস্কর্যের মুখ থাকবে নাকি থাকবে না","ভাস্কর্যের মুখ থাকবে নাকি থাকবে না",সংবাদ,2026-08-22,full_text_permitted,published,source-sangbad-14979,"Full authorized article imported; advertisements and unrelated source-page elements removed."
zea-2026-08-29-sangbad-15800,"জঙ্গিবাদ নিয়ে জাতিসংঘের উদ্বেগ","জঙ্গিবাদ নিয়ে জাতিসংঘের উদ্বেগ",সংবাদ,2026-08-29,full_text_permitted,published,source-sangbad-15800,"Full authorized article imported; advertisements and unrelated source-page elements removed."
zea-2026-09-05-sangbad-16588,"নিরাপত্তা জোটে যোগ দেওয়ার আগে চাই স্বার্থের নির্মোহ হিসাব","নিরাপত্তা জোটে যোগ দেওয়ার আগে চাই স্বার্থের নির্মোহ হিসাব",সংবাদ,2026-09-05,full_text_permitted,published,source-sangbad-16588,"Full authorized article imported; advertisements and unrelated source-page elements removed."
zea-2026-09-12-sangbad-17258,"বোয়িং কেনার রাজনীতি","বোয়িং কেনার রাজনীতি",সংবাদ,2026-09-12,full_text_permitted,published,source-sangbad-17258,"Full authorized article imported; advertisements and unrelated source-page elements removed."
zea-2026-09-19-sangbad-18013,"ব্রিকস সম্মেলন ও বাংলাদেশের কূটনৈতিক হিসাব","ব্রিকস সম্মেলন ও বাংলাদেশের কূটনৈতিক হিসাব",সংবাদ,2026-09-19,full_text_permitted,published,source-sangbad-18013,"Full authorized article imported; source presentation cleaned of advertisements and recommendation panels. Hero image uses the approved Wikimedia Commons asset."
zea-2026-09-27-bagaromborer-arale-jobabdihitar-proshno,"বাগাড়ম্বরের আড়ালে জবাবদিহিহীনতার প্রশ্ন","বাগাড়ম্বরের আড়ালে জবাবদিহিহীনতার প্রশ্ন",সংবাদ,2026-09-27,full_text_permitted,published,source-sangbad-18804,"Public Facebook post and linked Sangbad page confirm the title, author, date, original URL, and complete article text."
zea-2025-10-11-durniti-ar-chadabaji-rajnoitik-shongskritir-ongsho,"দুর্নীতি আর চাঁদাবাজি রাজনৈতিক-সংস্কৃতির অংশ","দুর্নীতি আর চাঁদাবাজি রাজনৈতিক-সংস্কৃতির অংশ",Views Bangladesh,2025-10-11,full_text_permitted,published,source-viewsbangladesh-corruption-2025-10-11,"Existing archive record reconciled against the public Facebook post and linked Views Bangladesh source page."
zea-2025-08-09-bishshobyapi-markinider-protishodhmulok-shulko-arope-bangladesher-obosthan-kemon-holo,"বিশ্বব্যাপী মার্কিনিদের প্রতিশোধমূলক শুল্কারোপে বাংলাদেশের অবস্থান কেমন হলো!","বিশ্বব্যাপী মার্কিনিদের প্রতিশোধমূলক শুল্কারোপে বাংলাদেশের অবস্থান কেমন হলো!",Views Bangladesh,2025-08-09,full_text_permitted,published,source-viewsbangladesh-tariff-2025-08-09,"Existing archive record reconciled against the public Facebook post and linked Views Bangladesh source page."
zea-2025-08-28-bibhuranjan-shorkarer-biday-i-ki-shesh-biday-naki-tarpor-o-ache,"বিভুরঞ্জন সরকারের বিদায়ই কি শেষ বিদায়, নাকি তারপরও আছে!","বিভুরঞ্জন সরকারের বিদায়ই কি শেষ বিদায়, নাকি তারপরও আছে!",Views Bangladesh,2025-08-28,full_text_permitted,published,source-viewsbangladesh-bibhuranjan-2025-08-28,"Existing archive record reconciled against the public Facebook post and linked Views Bangladesh source page."
zea-2022-04-04-puraskar-batil-shobhoniya-noy,"পুরস্কার বাতিল শোভনীয় নয়","পুরস্কার বাতিল শোভনীয় নয়",সাম্প্রতিক দেশকাল,2022-04-04,full_text_permitted,published,source-samprotik-puraskar-2022-04-04,"Full author text captured from the public Facebook post; publication date corrected from the impossible Facebook caption date using Samprotik Deshkal topic evidence."
zea-2025-07-20-shongskar-o-orthonoitik-unnoyoner-poth-proshostho-korun,"সংস্কার ও অর্থনৈতিক উন্নয়নের পথ প্রশস্ত করুন","সংস্কার ও অর্থনৈতিক উন্নয়নের পথ প্রশস্ত করুন",Views Bangladesh,2025-07-20,full_text_permitted,published,source-viewsbangladesh-reform-2025-07-20,"Existing archive record reconciled against the public Facebook post and canonical Views Bangladesh source page."
zea-2025-06-14-obosheshe-note-bazaare-esheche,"অবশেষে নোট বাজারে এসেছে","অবশেষে নোট বাজারে এসেছে",Views Bangladesh,2025-06-14,full_text_permitted,published,source-viewsbangladesh-notes-2025-06-14,"Existing archive record reconciled against the public Facebook post and canonical Views Bangladesh article."
zea-2024-04-06-abontikader-atmohotya,"অবন্তিকাদের আত্মহনন","অবন্তিকাদের আত্মহনন",Views Bangladesh,2024-04-06,full_text_permitted,published,source-viewsbangladesh-avantikas-selfimmolation-2024-04-06,"Views Bangladesh page confirms the title, author, 6 April 2024 date, and matching full article body."
zea-2023-08-26-american-rashtrduter-indemnity,"আমেরিকান রাষ্ট্রদূতের ইনডেমনিটি","আমেরিকান রাষ্ট্রদূতের ইনডেমনিটি",দৈনিক বাংলা,2023-08-26,full_text_permitted,published,source-dainikbangla-american-ambassador-immunity-2023-08-26,"Dainik Bangla page confirms the title, author, date, and matching article identity/body."
zea-2023-kushikkha-theke-mukti,"কুশিক্ষা থেকে মুক্তি পেতে বিজ্ঞান শিক্ষার বিকল্প নেই","কুশিক্ষা থেকে মুক্তি পেতে বিজ্ঞান শিক্ষার বিকল্প নেই",দৈনিক বাংলা,2023-08-19,full_text_permitted,published,source-dainikbangla-kushikkha-science-education-2023-08-19,"Dainik Bangla page confirms the title, author, date, and matching article identity/body."
