review_status,slug,title,published_at,published_date_label,publication,section,rights_status,original_url,embedded_url_candidates,review_note
missing_original_url,2025-11-29-tottabodhayok-shorkar-bebosthar-punorjonmo,তত্ত্বাবধায়ক সরকার ব্যবস্থার পুনর্জন্ম,2025-11-29,২৯ নভেম্বর ২০২৫,সংবাদ,মতামত,full_text_permitted,,,Original publication URL is not present in the archive record; investigate separately.
missing_original_url,2025-10-26-obohelito-shikkhar-durdosha-barche,অবহেলিত শিক্ষার দুর্দশা বাড়ছে,2025-10-26,২৬ অক্টোবর ২০২৫,সংবাদ,মতামত,full_text_permitted,,https://bn.viewsbangladesh.com/plight-of-neglected-education-increasing.,Original publication URL is not present in the archive record; investigate separately.
missing_original_url,2025-06-22-ekti-sofor-ekadhik-shonket,"একটি সফর, একাধিক সংকেতঃ কে পেল কোন বার্তা",2025-06-22,২২ জুন ২০২৫ (অনলাইনে ২১ জুন),সংবাদ,মতামত,full_text_permitted,,,Original publication URL is not present in the archive record; investigate separately.
missing_original_url,2025-05-04-bhinnomoter-bhoy-nirbachoner-dolachol,"ভিন্নমতের ভয়, নির্বাচনের দোলাচল ও অন্তর্বর্তী সরকারের কৌশলী অবস্থান",2025-05-04,০৪ মে ২০২৫ (অনলাইনে ০৩ মে),সংবাদ,মতামত,full_text_permitted,,https://www.facebook.com/zeauddinahmed.bitu/posts/pfbid0hK3pjT5pScrEZrVrZ3fzrjfNMqRzX4RAEftZCMfRiNSPcifkZ99WHUWhMBx4UKnWl.,Original publication URL is not present in the archive record; investigate separately.
missing_original_url,2025-04-27-otiter-chayay-notun-bangladesh,"অতীতের ছায়ায় নতুন বাংলাদেশ : দুর্নীতি, উগ্রপন্থা ও সরকারের দায়",2025-04-27,২৭ এপ্রিল ২০২৫ (অনলাইনে ২৬ এপ্রিল),সংবাদ,মতামত,full_text_permitted,,https://bn.viewsbangladesh.com/when-will-bangladesh-overcome-the-culture-of-denial.,Original publication URL is not present in the archive record; investigate separately.
missing_original_url,2025-04-06-dhorshoner-biruddhe-lorai-ainer-shokti-o-shomajer-durbolota,ধর্ষণের বিরুদ্ধে লড়াইঃ আইনের শক্তি ও সমাজের দুর্বলতা,2025-04-06,০৬ এপ্রিল ২০২৫,সংবাদ,মতামত,full_text_permitted,,https://www.facebook.com/zeauddinahmed.bitu/posts/pfbid02i8SoQBjqvWzgrazLzppDvDEgXKGGxD87J5prziJgEU8dJGojxnHzydXhKyM8GKx5l.,Original publication URL is not present in the archive record; investigate separately.
missing_original_url,2025-03-09-rajnoitik-kormokander-halchal,রাজনৈতিক কর্মকাণ্ডের হালচাল,2025-03-09,০৯ মার্চ ২০২৫,সংবাদ,মতামত,full_text_permitted,,https://bn.viewsbangladesh.com/the-state-of-political-activities.,Original publication URL is not present in the archive record; investigate separately.
missing_original_url,2025-02-16-votadhikar-punoruddharer-shongskar,ভোটাধিকার পুনরুদ্ধারের সংস্কার,2025-02-16,১৬ ফেব্রুয়ারি ২০২৫,সংবাদ,মতামত,full_text_permitted,,https://bn.viewsbangladesh.com/reforms-to-restore-voting-rights.,Original publication URL is not present in the archive record; investigate separately.
missing_original_url,2025-02-09-proshongo-shongbidhan-shongskar-comission-er-shuparish,প্রসঙ্গঃ সংবিধান সংস্কার কমিশনের সুপারিশ,2025-02-09,০৯ ফেব্রুয়ারি ২০২৫,সংবাদ,মতামত,full_text_permitted,,https://library.parliament.gov.bd/e-clipping-single-archive.show/2025.,Original publication URL is not present in the archive record; investigate separately.
missing_original_url,2025-02-02-ontorborti-shorkar-nagorikder-prottasha-ki-puron-hobe,অন্তর্বর্তী সরকারঃ নাগরিকদের প্রত্যাশা কি পূরণ হবে?,2025-02-02,০২ ফেব্রুয়ারি ২০২৫,সংবাদ,মতামত,full_text_permitted,,https://bn.viewsbangladesh.com/interim-governments-failure-threatens-alternative-governance-ideas.,Original publication URL is not present in the archive record; investigate separately.
missing_original_url,2025-01-05-shetpotre-notun-ki-ache,শ্বেতপত্রে নতুন কী আছে ?,2025-01-05,০৫ জানুয়ারি ২০২৫,সংবাদ,মতামত,full_text_permitted,,https://bn.viewsbangladesh.com/why-the-white-paper-failed-to-make-an-impact/.,Original publication URL is not present in the archive record; investigate separately.
missing_original_url,2024-12-08-manush-ontorborti-sorkarer-shofolota-chay,মানুষ অন্তর্বর্তী সরকারের সফলতা চায়,2024-12-08,০৮ ডিসেম্বর ২০২৪,সংবাদ,মতামত,full_text_permitted,,,Original publication URL is not present in the archive record; investigate separately.
missing_original_url,2024-11-02-modhyoprachyo-shongkot,মধ্যপ্রাচ্য সংকট,2024-11-02,০২ নভেম্বর ২০২৪,সংবাদ,মতামত,full_text_permitted,,https://bn.viewsbangladesh.com/attacks-on-irans-oil-facilities-could-trigger-global-economic-shock.,Original publication URL is not present in the archive record; investigate separately.
missing_original_url,2024-10-19-kon-pothe-jamayater-rajniti,কোন পথে জামায়াতের রাজনীতি?,2024-10-19,১৯ অক্টোবর ২০২৪,সংবাদ,মতামত,full_text_permitted,,,Original publication URL is not present in the archive record; investigate separately.
missing_original_url,2024-10-12-manush-mulyosfiti-theke-rokkha-pabe-kivabe,মানুষ মূল্যস্ফীতি থেকে রক্ষা পাবে কীভাবে,2024-10-12,১২ অক্টোবর ২০২৪,সংবাদ,মতামত,full_text_permitted,,https://bn.viewsbangladesh.com/due-to-why-printing-money-cause-inflation.,Original publication URL is not present in the archive record; investigate separately.
missing_original_url,2024-09-14-abar-tora-manush-ho,‘আবার তোরা মানুষ হ’,2024-09-14,১৪ সেপ্টেম্বর ২০২৪,সংবাদ,মতামত,full_text_permitted,,,Original publication URL is not present in the archive record; investigate separately.
missing_original_url,2024-09-07-bonyar-jonno-bharat-kototuku-dayi,বন্যার জন্য ভারত কতটুকু দায়ী,2024-09-07,০৭ সেপ্টেম্বর ২০২৪ (অনলাইনে),সংবাদ,মতামত,full_text_permitted,,,Original publication URL is not present in the archive record; investigate separately.
missing_original_url,2024-08-24-grihokormi-nirjatoner-obshan-hok,গৃহকর্মী নির্যাতনের অবসান হোক,2024-08-24,২৪ আগস্ট ২০২৪,সংবাদ,মতামত,full_text_permitted,,,Original publication URL is not present in the archive record; investigate separately.
missing_original_url,2024-07-27-kota-niye-supreme-court-er-ray,কোটা নিয়ে সুপ্রিম কোর্টের রায়,2024-07-27,২৭ জুলাই ২০২৪,সংবাদ,মতামত,full_text_permitted,,https://bn.viewsbangladesh.com/quota-movement-seeking-relief-from-loss-of-lives-and-destruction.,Original publication URL is not present in the archive record; investigate separately.
missing_original_url,2024-06-22-korbanir-chamrar-hokdar,কোরবানির চামড়ার হকদার,2024-06-22,২২ জুন ২০২৪,সংবাদ,মতামত,full_text_permitted,,,Original publication URL is not present in the archive record; investigate separately.
missing_original_url,2024-06-15-bangladesh-bank-e-sangbadikder-probesh-niye-bitorko,বাংলাদেশ ব্যাংকে সাংবাদিকদের প্রবেশ নিয়ে বিতর্ক,2024-06-15,১৫ জুন ২০২৪ (অনলাইনে; মুদ্রিত সংস্করণ ১৬ জুন),সংবাদ,মতামত,full_text_permitted,,,Original publication URL is not present in the archive record; investigate separately.
missing_original_url,2024-06-08-nojirbihin-benzir,নজিরবিহীন বেনজির,2024-06-08,০৮ জুন ২০২৪ (অনলাইনে; মুদ্রিত সংস্করণ ০৯ জুন),সংবাদ,মতামত,full_text_permitted,,https://bn.viewsbangladesh.com/no-one-knows-about-corruption-of-powerful-while-they-are-in-power.,Original publication URL is not present in the archive record; investigate separately.
missing_original_url,2024-06-01-durbal-banker-sadgoti-dorkar,দুর্বল ব্যাংকের সদগতি দরকার,2024-06-01,০১ জুন ২০২৪ (অনলাইনে; মুদ্রিত সংস্করণ ০২ জুন),সংবাদ,মতামত,full_text_permitted,,https://bn.viewsbangladesh.com/in-the-perspective-of-free-market-economics-closure-of-all-weak-banks-is-necessary.,Original publication URL is not present in the archive record; investigate separately.
missing_original_url,2024-05-25-laloner-gan-o-dhormiyo-onubhuti,লালনের গান ও ধর্মীয় অনুভূতি,2024-05-25,২৫ মে ২০২৪ (অনলাইনে; মুদ্রিত সংস্করণ ২৬ মে),সংবাদ,মতামত,full_text_permitted,,,Original publication URL is not present in the archive record; investigate separately.
missing_original_url,2024-05-18-takar-obomullayon-ki-joruri-chhilo,টাকার অবমূল্যায়ন কি জরুরী ছিল,2024-05-18,১৮ মে ২০২৪ (অনলাইনে; মুদ্রিত সংস্করণ ১৯ মে),সংবাদ,মতামত,full_text_permitted,,https://bn.viewsbangladesh.com/was-devaluation-necessary.,Original publication URL is not present in the archive record; investigate separately.
missing_original_url,2024-05-11-khelar-cheye-dhula-beshi,খেলার চেয়ে ‘ধুলা’ বেশি,2024-05-11,১১ মে ২০২৪ (অনলাইনে; মুদ্রিত সংস্করণ ১২ মে),সংবাদ,মতামত,full_text_permitted,,,Original publication URL is not present in the archive record; investigate separately.
missing_original_url,2024-04-15-india-out-campaign,‘ইন্ডিয়া আউট’ ক্যাম্পেইন,2024-04-15,১৫ এপ্রিল ২০২৪,সংবাদ,মতামত,full_text_permitted,,https://bn.viewsbangladesh.com/boycotting-india-will-not-benefit-bangladesh.,Original publication URL is not present in the archive record; investigate separately.
missing_original_url,2024-03-02-free-palestine,‘ফ্রি ফিলিস্তিন’,2024-03-02,২ মার্চ ২০২৪ (অনলাইনে; মুদ্রিত সংস্করণ ৩ মার্চ ২০২৪),সংবাদ,মতামত,full_text_permitted,,,Original publication URL is not present in the archive record; investigate separately.
missing_original_url,2024-02-24-pakistane-nirdharito-foler-nirbachon,পাকিস্তানে ‘নির্ধারিত ফলের’ নির্বাচন,2024-02-24,২৪ ফেব্রুয়ারি ২০২৪ (অনলাইনে; মুদ্রিত সংস্করণ ২৫ ফেব্রুয়ারি ২০২৪),সংবাদ,মতামত,full_text_permitted,,https://bn.viewsbangladesh.com/pakistans-election-with-predetermined-results.,Original publication URL is not present in the archive record; investigate separately.
missing_original_url,2024-02-17-israyeler-gnhtya-dkshn-afrikar-mamla,ইসরায়েলের গণহত্যাঃ দক্ষিণ আফ্রিকার মামলা,2024-02-17,১৭ ফেব্রুয়ারি ২০২৪ (অনলাইনে; মুদ্রিত সংস্করণ ১৮ ফেব্রুয়ারি ২০২৪),সংবাদ,মতামত,full_text_permitted,,,Original publication URL is not present in the archive record; investigate separately.
missing_original_url,2024-02-10-mulyosphiti-kombe-kibhabe,মূল্যস্ফীতি কমবে কীভাবে,2024-02-10,১০ ফেব্রুয়ারি ২০২৪ (অনলাইনে; মুদ্রিত সংস্করণ ১১ ফেব্রুয়ারি ২০২৪),সংবাদ,মতামত,full_text_permitted,,,Original publication URL is not present in the archive record; investigate separately.
missing_original_url,2024-01-27-sorkar-notun-challenge-purono,সরকার নতুন চ্যালেঞ্জ পুরানো,2024-01-27,২৭ জানুয়ারি ২০২৪ (অনলাইনে; মুদ্রিত সংস্করণ ২৮ জানুয়ারি ২০২৪),সংবাদ,মতামত,full_text_permitted,,,Original publication URL is not present in the archive record; investigate separately.
missing_original_url,2024-01-06-mnda-arthnitih-smpdshali-votprarthi,মন্দা অর্থনীতিঃ সম্পদশালী ভোটপ্রার্থী,2024-01-06,৬ জানুয়ারি ২০২৪ (অনলাইনে; মুদ্রিত সংস্করণ ৭ জানুয়ারি ২০২৪),সংবাদ,মতামত,full_text_permitted,,,Original publication URL is not present in the archive record; investigate separately.
missing_original_url,2023-12-23-bijoyer-anondo-amake-sprsh-kore-na,বিজয়ের আনন্দ আমাকে স্পর্শ করে না,2023-12-23,২৩ ডিসেম্বর ২০২৩ (অনলাইনে; মুদ্রিত সংস্করণ ২৪ ডিসেম্বর ২০২৩),সংবাদ,মতামত,full_text_permitted,,,Original publication URL is not present in the archive record; investigate separately.
missing_original_url,2023-10-28-filistine-hamas-ki-chay,ফিলিস্তিনে হামাস কী চায়,2023-10-28,২৮ অক্টোবর ২০২৩ (অনলাইনে; মুদ্রিত সংস্করণ ২৯ অক্টোবর ২০২৩),সংবাদ,মতামত,full_text_permitted,,,Original publication URL is not present in the archive record; investigate separately.
missing_original_url,2023-09-23-dengu-rodhe-mansiktar-pryjon,ডেঙ্গু রোধে মানসিকতার পরিবর্তন দরকার,2023-09-23,২৩ সেপ্টেম্বর ২০২৩,সংবাদ,মতামত,full_text_permitted,,,Original publication URL is not present in the archive record; investigate separately.
missing_original_url,2023-06-10-visaniti-kon-nishedhaggya-noy,ভিসানীতি কোন নিষেধাজ্ঞা নয়,2023-06-10,১০ জুন ২০২৩ (অনলাইনে; মুদ্রিত সংস্করণ ১১ জুন ২০২৩),সংবাদ,মতামত,full_text_permitted,,,Original publication URL is not present in the archive record; investigate separately.
missing_original_url,2023-06-04-gazipure-awami-lig-keno-harlo,গাজীপুরে আওয়ামী লীগ কেন হারল,2023-06-04,৪ জুন ২০২৩,সংবাদ,মতামত,full_text_permitted,,,Original publication URL is not present in the archive record; investigate separately.
missing_original_url,2023-05-27-dutabaser-baroti-nirapotta-prtyahar,দূতাবাসের বাড়তি নিরাপত্তা প্রত্যাহার ও অবরোধের আশঙ্কা,2023-05-27,২৭ মে ২০২৩ (অনলাইনে; মুদ্রিত সংস্করণ ২৮ মে ২০২৩),সংবাদ,মতামত,full_text_permitted,,,Original publication URL is not present in the archive record; investigate separately.
missing_original_url,2023-05-20-ansmart-chikitsa-smart-bangladesh,আনস্মার্ট চিকিৎসা- স্মার্ট বাংলাদেশের স্বপ্ন,2023-05-20,২০ মে ২০২৩ (অনলাইনে; মুদ্রিত সংস্করণ ২১ মে ২০২৩),সংবাদ,মতামত,full_text_permitted,,,Original publication URL is not present in the archive record; investigate separately.
missing_original_url,2023-05-06-bidyanonder-jakat-fand,বিদ্যানন্দের যাকাত ফাণ্ড,2023-05-06,৬ মে ২০২৩ (অনলাইনে; মুদ্রিত সংস্করণ ৭ মে ২০২৩),সংবাদ,মতামত,full_text_permitted,,,Original publication URL is not present in the archive record; investigate separately.
missing_original_url,2023-04-29-sampratik-ognikand-durghotona-na-durbhisondhi,সাম্প্রতিক অগ্নিকাণ্ডঃ দুর্ঘটনা না দুরভিসন্ধি?,2023-04-29,২৯ এপ্রিল ২০২৩ (অনলাইনে; মুদ্রিত সংস্করণ ৩০ এপ্রিল ২০২৩),সংবাদ,মতামত,full_text_permitted,,,Original publication URL is not present in the archive record; investigate separately.
missing_original_url,2023-04-15-aini-notiser-kobole-mongol-shobhayatra,আইনি নোটিসের কবলে মঙ্গল শোভাযাত্রা,2023-04-15,১৫ এপ্রিল ২০২৩ (অনলাইনে; মুদ্রিত সংস্করণ ১৬ এপ্রিল ২০২৩),সংবাদ,মতামত,full_text_permitted,,,Original publication URL is not present in the archive record; investigate separately.
missing_original_url,2023-04-08-swadhinota-kon-tulya-bostu-noy,স্বাধীনতা কোন তুল্য বস্তু নয়,2023-04-08,৮ এপ্রিল ২০২৩ (অনলাইনে; মুদ্রিত সংস্করণ ৯ এপ্রিল ২০২৩),সংবাদ,মতামত,full_text_permitted,,,Original publication URL is not present in the archive record; investigate separately.
missing_original_url,2023-04-01-sar-sombodhon-niye-tulkalam-kand,‘স্যার’ সম্বোধন নিয়ে তুলকালাম কাণ্ড,2023-04-01,১ এপ্রিল ২০২৩ (অনলাইনে; মুদ্রিত সংস্করণ ২ এপ্রিল ২০২৩),সংবাদ,মতামত,full_text_permitted,,,Original publication URL is not present in the archive record; investigate separately.
missing_original_url,2023-03-25-orokkhito-non-dr-muhammad-yunus,অরক্ষিত নন ড. মুহাম্মদ ইউনূস,2023-03-25,২৫ মার্চ ২০২৩ (অনলাইনে; মুদ্রিত সংস্করণ ২৬ মার্চ ২০২৩),সংবাদ,মতামত,full_text_permitted,,,Original publication URL is not present in the archive record; investigate separately.
missing_original_url,2023-03-11-kadiyanider-biruddhe-joto-kshobh,কাদিয়ানিদের বিরুদ্ধে যত ক্ষোভ,2023-03-11,১১ মার্চ ২০২৩ (অনলাইনে; মুদ্রিত সংস্করণ ১২ মার্চ ২০২৩),সংবাদ,মতামত,full_text_permitted,,,Original publication URL is not present in the archive record; investigate separately.
missing_original_url,2023-03-04-raggingyer-day-kar,র‍্যাগিংয়ের দায় কার,2023-03-04,৪ মার্চ ২০২৩ (অনলাইনে; মুদ্রিত সংস্করণ ৫ মার্চ ২০২৩),সংবাদ,মতামত,full_text_permitted,,,Original publication URL is not present in the archive record; investigate separately.
missing_original_url,2023-02-18-bir-muktijoddhader-smorone,বীর মুক্তিযোদ্ধাদের স্মরণে,2023-02-18,১৮ ফেব্রুয়ারি ২০২৩ (অনলাইনে; মুদ্রিত সংস্করণ ১৯ ফেব্রুয়ারি ২০২৩),সংবাদ,মতামত,full_text_permitted,,,Original publication URL is not present in the archive record; investigate separately.
missing_original_url,2023-02-11-guzob-thekano-jacche-na-keno,গুজব ঠেকানো যাচ্ছে না কেন,2023-02-11,১১ ফেব্রুয়ারি ২০২৩ (অনলাইনে; মুদ্রিত সংস্করণ ১২ ফেব্রুয়ারি ২০২৩),সংবাদ,মতামত,full_text_permitted,,,Original publication URL is not present in the archive record; investigate separately.
missing_original_url,2023-02-04-khomotar-mohomukto-ek-rajnitik,ক্ষমতার মোহমুক্ত এক রাজনীতিক,2023-02-04,৪ ফেব্রুয়ারি ২০২৩ (অনলাইনে; মুদ্রিত সংস্করণ ৫ ফেব্রুয়ারি ২০২৩),সংবাদ,মতামত,full_text_permitted,,,Original publication URL is not present in the archive record; investigate separately.
missing_original_url,2023-01-28-pathyo-boite-darwin-er-totto,পাঠ্য বইতে ডারউইনের তত্ত্ব,2023-01-28,২৮ জানুয়ারি ২০২৩ (অনলাইনে; মুদ্রিত সংস্করণ ২৯ জানুয়ারি ২০২৩),সংবাদ,মতামত,full_text_permitted,,,Original publication URL is not present in the archive record; investigate separately.
missing_original_url,2023-01-21-nirbachon-komishoner-bishshoyjoggyota,নির্বাচন কমিশনের বিশ্বাসযোগ্যতা,2023-01-21,২১ জানুয়ারি ২০২৩ (অনলাইনে; মুদ্রিত সংস্করণ ২২ জানুয়ারি ২০২৩),সংবাদ,মতামত,full_text_permitted,,,Original publication URL is not present in the archive record; investigate separately.
missing_original_url,2023-01-14-rashiar-jahaj-ferot-dewar-siddhanto,রাশিয়ার জাহাজ ফেরত দেওয়ার সিদ্ধান্ত যুক্তিযুক্ত,2023-01-14,১৪ জানুয়ারি ২০২৩ (অনলাইনে; মুদ্রিত সংস্করণ ১৫ জানুয়ারি ২০২৩),সংবাদ,মতামত,full_text_permitted,,,Original publication URL is not present in the archive record; investigate separately.
missing_original_url,2023-01-07-jonmot-gothone-samajik-jogajog-maddhom,জনমত গঠনে সামাজিক যোগাযোগ মাধ্যম,2023-01-07,৭ জানুয়ারি ২০২৩ (অনলাইনে; মুদ্রিত সংস্করণ ৮ জানুয়ারি ২০২৩),সংবাদ,মতামত,full_text_permitted,,,Original publication URL is not present in the archive record; investigate separately.
missing_original_url,2022-12-31-afganistane-nari-shikkha,আফগানিস্তানে নারী শিক্ষা,2022-12-31,৩১ ডিসেম্বর ২০২২ (অনলাইনে; মুদ্রিত সংস্করণ ১ জানুয়ারি ২০২৩),সংবাদ,মতামত,full_text_permitted,,,Original publication URL is not present in the archive record; investigate separately.
missing_original_url,2022-12-24-bishwo-kap-joyi-argentina,বিশ্ব কাপ জয়ী আর্জেন্টিনা,2022-12-24,২৪ ডিসেম্বর ২০২২ (অনলাইনে; মুদ্রিত সংস্করণ ২৫ ডিসেম্বর ২০২২),সংবাদ,মতামত,full_text_permitted,,,Original publication URL is not present in the archive record; investigate separately.
missing_original_url,2022-12-17-tottabodhoyok-sorkar-niye-bitorko,তত্ত্বাবধায়ক সরকার নিয়ে বিতর্ক,2022-12-17,১৭ ডিসেম্বর ২০২২ (অনলাইনে; মুদ্রিত সংস্করণ ১৮ ডিসেম্বর ২০২২),সংবাদ,মতামত,full_text_permitted,,,Original publication URL is not present in the archive record; investigate separately.
missing_original_url,2022-12-10-islami-bank-niye-shorogol,ইসলামী ব্যাংক নিয়ে শোরগোল,2022-12-10,১০ ডিসেম্বর ২০২২ (অনলাইনে; মুদ্রিত সংস্করণ ১১ ডিসেম্বর ২০২২),সংবাদ,মতামত,full_text_permitted,,,Original publication URL is not present in the archive record; investigate separately.
missing_original_url,2022-12-03-americar-moddhoborti-nirbachon,আমেরিকার মধ্যবর্তী নির্বাচন,2022-12-03,৩ ডিসেম্বর ২০২২ (অনলাইনে; মুদ্রিত সংস্করণ ৪ ডিসেম্বর ২০২২),সংবাদ,মতামত,full_text_permitted,,,Original publication URL is not present in the archive record; investigate separately.
missing_original_url,2022-11-19-argentina-brazil-somorthokder-protijogita,আর্জেন্টিনা-ব্রাজিল সমর্থকদের প্রতিযোগিতা,2022-11-19,১৯ নভেম্বর ২০২২ (অনলাইনে; মুদ্রিত সংস্করণ ২০ নভেম্বর ২০২২),সংবাদ,মতামত,full_text_permitted,,,Original publication URL is not present in the archive record; investigate separately.
missing_original_url,2022-11-12-sorkari-kormokortar-baddhotamulok-obosor,সরকারি কর্মকর্তার বাধ্যতামূলক অবসর,2022-11-12,১২ নভেম্বর ২০২২ (অনলাইনে; মুদ্রিত সংস্করণ ১৩ নভেম্বর ২০২২),সংবাদ,মতামত,full_text_permitted,,,Original publication URL is not present in the archive record; investigate separately.
missing_original_url,2022-11-05-bhawal-bir-shohid-ahsanullah-master,ভাওয়াল বীর শহীদ আহসানউল্লাহ মাস্টার,2022-11-05,৫ নভেম্বর ২০২২ (অনলাইনে; মুদ্রিত সংস্করণ ৬ নভেম্বর ২০২২),সংবাদ,মতামত,full_text_permitted,,,Original publication URL is not present in the archive record; investigate separately.
missing_original_url,2022-10-29-kothin-challenge-rishi-sunak,কঠিন চ্যালেঞ্জ মোকাবিলা করতে হবে ঋষি সুনাককে,2022-10-29,২৯ অক্টোবর ২০২২ (অনলাইনে; মুদ্রিত সংস্করণ ৩০ অক্টোবর ২০২২),সংবাদ,মতামত,full_text_permitted,,,Original publication URL is not present in the archive record; investigate separately.
missing_original_url,2022-10-22-kebinet-sochib-o-mukhyo-sochiber-bari,কেবিনেট সচিব এবং মুখ্য সচিবের বাড়ি,2022-10-22,২২ অক্টোবর ২০২২ (অনলাইনে; মুদ্রিত সংস্করণ ২৩ অক্টোবর ২০২২),সংবাদ,মতামত,full_text_permitted,,,Original publication URL is not present in the archive record; investigate separately.
missing_original_url,2022-10-15-rajnitir-boro-ostro-tel-gas,রাজনীতির বড় অস্ত্র তেল-গ্যাস,2022-10-15,১৫ অক্টোবর ২০২২ (অনলাইনে; মুদ্রিত সংস্করণ ১৬ অক্টোবর ২০২২),সংবাদ,মতামত,full_text_permitted,,,Original publication URL is not present in the archive record; investigate separately.
missing_original_url,2022-10-08-irane-hijab-birodhi-andolon,ইরানে হিজাব বিরোধী আন্দোলন,2022-10-08,৮ অক্টোবর ২০২২ (অনলাইনে; মুদ্রিত সংস্করণ ৯ অক্টোবর ২০২২),সংবাদ,মতামত,full_text_permitted,,,Original publication URL is not present in the archive record; investigate separately.
missing_original_url,2022-09-24-har-na-mana-lal-shobujer-meyera,হার না মানা লাল-সবুজের মেয়েরা,2022-09-24,২৪ সেপ্টেম্বর ২০২২ (অনলাইনে; মুদ্রিত সংস্করণ ২৫ সেপ্টেম্বর ২০২২),সংবাদ,মতামত,full_text_permitted,,,Original publication URL is not present in the archive record; investigate separately.
missing_original_url,2022-09-10-mrityudonder-bidhane-ki-dhorshon-komechhe,মৃত্যুদন্ডের বিধানে কি ধর্ষণ কমেছে,2022-09-10,১০ সেপ্টেম্বর ২০২২ (অনলাইনে; মুদ্রিত সংস্করণ ১১ সেপ্টেম্বর ২০২২),সংবাদ,মতামত,full_text_permitted,,,Original publication URL is not present in the archive record; investigate separately.
missing_original_url,2022-09-03-bilkis-banu-osohay-narir-artanad,বিলকিস বানুঃ অসহায় নারীর আর্তনাদ,2022-09-03,৩ সেপ্টেম্বর ২০২২ (অনলাইনে; মুদ্রিত সংস্করণ ৪ সেপ্টেম্বর ২০২২),সংবাদ,মতামত,full_text_permitted,,,Original publication URL is not present in the archive record; investigate separately.
missing_original_url,2022-08-27-sohojat-rajnaitik-netar-ovab,সহজাত রাজনৈতিক নেতার অভাব,2022-08-27,২৭ আগস্ট ২০২২ (অনলাইনে; মুদ্রিত সংস্করণ ২৮ আগস্ট ২০২২),সংবাদ,মতামত,full_text_permitted,,,Original publication URL is not present in the archive record; investigate separately.
missing_original_url,2022-08-20-deshe-deshe-durniti-o-arth-pacharer-sworup,দেশে দেশে দুর্নীতি ও অর্থ পাচারের স্বরূপ,2022-08-20,২০ আগস্ট ২০২২ (অনলাইনে; মুদ্রিত সংস্করণ ২১ আগস্ট ২০২২),সংবাদ,মতামত,full_text_permitted,,"https://sangbad.net.bd/opinion/post-editorial/73589/`,",Original publication URL is not present in the archive record; investigate separately.
missing_original_url,2022-08-06-bishwo-monday-bangladesher-shokti,বিশ্ব মন্দায় বাংলাদেশের শক্তি,2022-08-06,৬ আগস্ট ২০২২ (অনলাইনে; মুদ্রিত সংস্করণ ৭ আগস্ট ২০২২),সংবাদ,মতামত,full_text_permitted,,,Original publication URL is not present in the archive record; investigate separately.
missing_original_url,2022-07-30-juktorastre-agneyastro-bahoner-sangskriti,যুক্তরাষ্ট্রে আগ্নেয়াস্ত্র বহনের সংস্কৃতি,2022-07-30,৩০ জুলাই ২০২২ (অনলাইনে; মুদ্রিত সংস্করণ ৩১ জুলাই ২০২২),সংবাদ,মতামত,full_text_permitted,,,Original publication URL is not present in the archive record; investigate separately.
missing_original_url,2022-07-16-bangladesh-shudhu-manusher-hok,বাংলাদেশ শুধু মানুষের হোক,2022-07-16,১৬ জুলাই ২০২২ (অনলাইনে; মুদ্রিত সংস্করণ ১৭ জুলাই ২০২২),সংবাদ,মতামত,full_text_permitted,,,Original publication URL is not present in the archive record; investigate separately.
missing_original_url,2022-07-13-bhumikhompe-biporjosto-afganistan,ভূমিকম্পে বিপর্যস্ত আফগানিস্তান,2022-07-13,১৩ জুলাই ২০২২,সংবাদ,মতামত,full_text_permitted,,,Original publication URL is not present in the archive record; investigate separately.
missing_original_url,2022-07-02-padma-setu-jatir-gorber-protik,পদ্মা সেতুঃ জাতির গর্বের প্রতীক,2022-07-02,২ জুলাই ২০২২ (অনলাইনে; মুদ্রিত সংস্করণ ৩ জুলাই ২০২২),সংবাদ,মতামত,full_text_permitted,,,Original publication URL is not present in the archive record; investigate separately.
missing_original_url,2022-06-25-bhoy-nei-ami-eshe-gechi,"‘ভয় নেই, আমি এসে গেছি’",2022-06-25,২৫ জুন ২০২২ (অনলাইনে; মুদ্রিত সংস্করণ ২৬ জুন ২০২২),সংবাদ,মতামত,full_text_permitted,,,Original publication URL is not present in the archive record; investigate separately.
missing_original_url,2022-06-18-nobike-niye-bjp-netar-kotukti,নবীকে নিয়ে বিজেপি নেতার কটুক্তি,2022-06-18,১৮ জুন ২০২২ (অনলাইনে; মুদ্রিত সংস্করণ ১৯ জুন ২০২২),সংবাদ,মতামত,full_text_permitted,,,Original publication URL is not present in the archive record; investigate separately.
missing_original_url,2022-06-04-ekjon-nitinishtho-sangbadik,একজন নীতিনিষ্ঠ সাংবাদিক,2022-06-04,৪ জুন ২০২২ (অনলাইনে; মুদ্রিত সংস্করণ ৫ জুন ২০২২),সংবাদ,মতামত,full_text_permitted,,,Original publication URL is not present in the archive record; investigate separately.
missing_original_url,2022-05-28-mohumatrik-kolomjoddha,মহুমাত্রিক কলমযোদ্ধা,2022-05-28,২৮ মে ২০২২ (অনলাইনে; মুদ্রিত সংস্করণ ২৯ মে ২০২২),সংবাদ,মতামত,full_text_permitted,,,Original publication URL is not present in the archive record; investigate separately.
missing_original_url,2022-05-21-durniti-o-dosharoper-rajniti,দুর্নীতি ও দোষারোপের রাজনীতি,2022-05-21,২১ মে ২০২২ (অনলাইনে; মুদ্রিত সংস্করণ ২২ মে ২০২২),সংবাদ,মতামত,full_text_permitted,,,Original publication URL is not present in the archive record; investigate separately.
missing_original_url,2022-05-19-bangladesher-arthik-shastho-eto-durbal-noy,বাংলাদেশের আর্থিক স্বাস্থ্য এখনো এত দুর্বল নয়,2022-05-19,১৯ মে ২০২২,সাম্প্রতিক দেশকাল,মতামত,full_text_permitted,,,Original publication URL is not present in the archive record; investigate separately.
missing_original_url,2022-05-14-chacha-chowkidar-bidhay-thana-bhatijar,‘চাচা চৌকিদার বিধায় থানা ভাতিজার’,2022-05-14,১৪ মে ২০২২ (অনলাইনে; মুদ্রিত সংস্করণ ১৫ মে ২০২২),সংবাদ,মতামত,full_text_permitted,,,Original publication URL is not present in the archive record; investigate separately.
missing_original_url,2022-05-07-bangladeshe-manobadhikar-poristhiti,বাংলাদেশে মানবাধিকার পরিস্থিতি,2022-05-07,৭ মে ২০২২ (অনলাইনে; মুদ্রিত সংস্করণ ৮ মে ২০২২),সংবাদ,মতামত,full_text_permitted,,,Original publication URL is not present in the archive record; investigate separately.
missing_original_url,2022-04-30-pakistaner-unpredictable-rajniti,পাকিস্তানের আনপ্রেডিক্টেবল রাজনীতি,2022-04-30,৩০ এপ্রিল ২০২২ (অনলাইনে; মুদ্রিত সংস্করণ ১ মে ২০২২),সংবাদ,মতামত,full_text_permitted,,,Original publication URL is not present in the archive record; investigate separately.
missing_original_url,2022-04-23-bishwas-ar-juktir-dwondo,বিশ্বাস আর যুক্তির দ্বন্দ্ব,2022-04-23,২৩ এপ্রিল ২০২২ (অনলাইনে; মুদ্রিত সংস্করণ ২৪ এপ্রিল ২০২২),সংবাদ,মতামত,full_text_permitted,,,Original publication URL is not present in the archive record; investigate separately.
missing_original_url,2022-04-16-srilankar-moto-hobe-na-bangladesh,শ্রীলঙ্কার মতো হবে না বাংলাদেশ,2022-04-16,১৬ এপ্রিল ২০২২ (অনলাইনে; মুদ্রিত সংস্করণ ১৭ এপ্রিল ২০২২),সংবাদ,মতামত,full_text_permitted,,,Original publication URL is not present in the archive record; investigate separately.
missing_original_url,2022-04-09-tip-sojjay-bangali-nari,টিপ সজ্জায় বাঙ্গালী নারী,2022-04-09,৯ এপ্রিল ২০২২ (অনলাইনে; মুদ্রিত সংস্করণ ১০ এপ্রিল ২০২২),সংবাদ,মতামত,full_text_permitted,,,Original publication URL is not present in the archive record; investigate separately.
missing_original_url,2022-04-02-sunny-leoner-dhaka-sofor-o-protibad,সানি লিওনের ঢাকা সফর ও প্রতিবাদ সমাচার,2022-04-02,২ এপ্রিল ২০২২ (অনলাইনে; মুদ্রিত সংস্করণ ৩ এপ্রিল ২০২২),সংবাদ,মতামত,full_text_permitted,,,Original publication URL is not present in the archive record; investigate separately.
missing_original_url,2022-03-26-koronay-labh-khoter-hisab,করোনায় লাভ-ক্ষতির হিসাব,2022-03-26,২৬ মার্চ ২০২২ (অনলাইনে; মুদ্রিত সংস্করণ ২৭ মার্চ ২০২২),সংবাদ,মতামত,full_text_permitted,,,Original publication URL is not present in the archive record; investigate separately.
missing_original_url,2022-03-19-dhormiyo-mulyobod-o-noitikotar-songe-dhorshoner-shomporko-ki,ধর্মীয় মূল্যবোধ ও নৈতিকতার সঙ্গে ধর্ষণের সম্পর্ক কী,2022-03-19,১৯ মার্চ ২০২২ (অনলাইনে; মুদ্রিত সংস্করণ ২০ মার্চ ২০২২),সংবাদ,মতামত,full_text_permitted,,,Original publication URL is not present in the archive record; investigate separately.
missing_original_url,2022-03-12-sorok-mohasoroke-durghotnar-mohamari,সড়ক-মহাসড়কে দুর্ঘটনার মহামারি,2022-03-12,১২ মার্চ ২০২২ (অনলাইনে; মুদ্রিত সংস্করণ ১৩ মার্চ ২০২২),সংবাদ,মতামত,full_text_permitted,,,Original publication URL is not present in the archive record; investigate separately.
missing_original_url,2022-02-26-muktijuddhe-shesob-songit-shubharthi,মুক্তিযুদ্ধে সেইসব সংগীত-শুভার্থী,2022-02-26,২৬ ফেব্রুয়ারি ২০২২ (অনলাইনে; মুদ্রিত সংস্করণ ২৭ ফেব্রুয়ারি ২০২২),সংবাদ,মতামত,full_text_permitted,,,Original publication URL is not present in the archive record; investigate separately.
missing_original_url,2022-02-12-nissongo-jibon-o-attnohottaya,নিঃসঙ্গ জীবন ও আত্মহত্যা,2022-02-12,১২ ফেব্রুয়ারি ২০২২ (অনলাইনে; মুদ্রিত সংস্করণ ১৩ ফেব্রুয়ারি ২০২২),সংবাদ,মতামত,full_text_permitted,,,Original publication URL is not present in the archive record; investigate separately.
missing_original_url,2022-02-05-ukraine-rashiar-morjadar-lorai,ইউক্রেনে রাশিয়ার মর্যাদার লড়াই,2022-02-05,৫ ফেব্রুয়ারি ২০২২ (অনলাইনে; মুদ্রিত সংস্করণ ৬ ফেব্রুয়ারি ২০২২),সংবাদ,মতামত,full_text_permitted,,,Original publication URL is not present in the archive record; investigate separately.
missing_original_url,2022-01-29-bisi-ase-bisi-jay,ভিসি আসে ভিসি যায়,2022-01-29,২৯ জানুয়ারি ২০২২ (অনলাইনে; মুদ্রিত সংস্করণ ৩০ জানুয়ারি ২০২২),সংবাদ,মতামত,full_text_permitted,,,Original publication URL is not present in the archive record; investigate separately.
missing_original_url,2022-01-22-amader-jibon-amader-shontan,"আমাদের জীবন, আমাদের সন্তান",2022-01-22,২২ জানুয়ারি ২০২২ (অনলাইনে; মুদ্রিত সংস্করণ ২৩ জানুয়ারি ২০২২),সংবাদ,মতামত,full_text_permitted,,,Original publication URL is not present in the archive record; investigate separately.
missing_original_url,2022-01-15-koronay-srishto-monojogoter-bichchhinnota,করোনায় সৃষ্ট মনোজগতের বিচ্ছিন্নতা,2022-01-15,১৫ জানুয়ারি ২০২২ (অনলাইনে; মুদ্রিত সংস্করণ ১৬ জানুয়ারি ২০২২),সংবাদ,মতামত,full_text_permitted,,,Original publication URL is not present in the archive record; investigate separately.
missing_original_url,2022-01-08-chele-bnam-meye-khelowar,ছেলে বনাম মেয়ে খেলোয়াড়,2022-01-08,৮ জানুয়ারি ২০২২ (অনলাইনে; মুদ্রিত সংস্করণ ৯ জানুয়ারি ২০২২),সংবাদ,মতামত,full_text_permitted,,,Original publication URL is not present in the archive record; investigate separately.
missing_original_url,2022-01-06-manobotar-majhi-milon-khan,মানবতার মাঝি মিলন খান,2022-01-06,৬ জানুয়ারি ২০২২,সাম্প্রতিক দেশকাল,মতামত,full_text_permitted,,,Original publication URL is not present in the archive record; investigate separately.
missing_original_url,2022-01-01-meyeti-sotyi-kharap,‘মেয়েটি সত্যিই খারাপ’,2022-01-01,১ জানুয়ারি ২০২২ (অনলাইনে; মুদ্রিত সংস্করণ ২ জানুয়ারি ২০২২),সংবাদ,মতামত,full_text_permitted,,,Original publication URL is not present in the archive record; investigate separately.
missing_original_url,2022-narir-poshak-porar-shadhinota,নারীর পোষাক পরার স্বাধীনতা ও কিছু প্রশ্ন,2022-01-01,২০২২ (তারিখ অনির্দিষ্ট),অজানা,মতামত,full_text_permitted,,,Original publication URL is not present in the archive record; investigate separately.
missing_original_url,2021-12-25-rohinggader-shibire-htyakand,রোহিঙ্গাদের শিবিরে হত্যাকাণ্ড,2021-12-25,২৫ ডিসেম্বর ২০২১,সংবাদ,মতামত,full_text_permitted,,,Original publication URL is not present in the archive record; investigate separately.
missing_original_url,2021-12-23-amerikake-tusht-rakha-kthin-samprotik-deshkal,আমেরিকাকে তুষ্ট রাখা কঠিন,2021-12-23,২৩ ডিসেম্বর ২০২১,সাম্প্রতিক দেশকাল,মতামত,full_text_permitted,,,Original publication URL is not present in the archive record; investigate separately.
missing_original_url,2021-12-23-amerikake-tusht-rakha-kthin,আমেরিকাকে তুষ্ট রাখা কঠিন,2021-12-23,২৩ ডিসেম্বর ২০২১,সংবাদ,মতামত,full_text_permitted,,,Original publication URL is not present in the archive record; investigate separately.
missing_original_url,2021-12-19-mryadapurn-pde-nyuntm-man-chai,মর্যাদাপূর্ণ পদে ন্যুনতম মান চাই,2021-12-19,১৯ ডিসেম্বর ২০২১,সংবাদ,মতামত,full_text_permitted,,,Original publication URL is not present in the archive record; investigate separately.
missing_original_url,2021-12-12-haf-bhada-o-nirapd-sdk,হাফ ভাড়া ও নিরাপদ সড়ক,2021-12-12,১২ ডিসেম্বর ২০২১,সংবাদ,মতামত,full_text_permitted,,,Original publication URL is not present in the archive record; investigate separately.
missing_original_url,2021-12-05-khaleda-jiyar-bideshe-chiki-sa,খালেদা জিয়ার বিদেশে চিকিৎসা,2021-12-05,৫ ডিসেম্বর ২০২১,সংবাদ,মতামত,full_text_permitted,,,Original publication URL is not present in the archive record; investigate separately.
missing_original_url,2021-11-28-khela-bnam-rajniti,খেলা বনাম রাজনীতি,2021-11-28,২৮ নভেম্বর ২০২১,সংবাদ,মতামত,full_text_permitted,,,Original publication URL is not present in the archive record; investigate separately.
missing_original_url,2021-11-25-shahrukh-khaner-putrer-madkaskti,শাহরুখ খানের পুত্রের মাদকাসক্তি,2021-11-25,২৫ নভেম্বর ২০২১,সাম্প্রতিক দেশকাল,মতামত,full_text_permitted,,,Original publication URL is not present in the archive record; investigate separately.
missing_original_url,2021-11-21-dhrshn-mamlay-bicharker-prybekshn,ধর্ষণ মামলায় বিচারকের পর্যবেক্ষণ,2021-11-21,২১ নভেম্বর ২০২১,সংবাদ,মতামত,full_text_permitted,,,Original publication URL is not present in the archive record; investigate separately.
missing_original_url,2021-11-14-dijeler-dam-o-dhrmght,ডিজেলের দাম ও ধর্মঘট,2021-11-14,১৪ নভেম্বর ২০২১,সংবাদ,মতামত,full_text_permitted,,,Original publication URL is not present in the archive record; investigate separately.
missing_original_url,2021-11-07-kumilla-kander-akrosh-tripuray,কুমিল্লা কান্ডের আক্রোশ ত্রিপুরায়,2021-11-07,৭ নভেম্বর ২০২১,সংবাদ,মতামত,full_text_permitted,,,Original publication URL is not present in the archive record; investigate separately.
missing_original_url,2021-10-31-bodhshuny-manush,বোধশূন্য মানুষ,2021-10-31,৩১ অক্টোবর ২০২১,সংবাদ,মতামত,full_text_permitted,,,Original publication URL is not present in the archive record; investigate separately.
missing_original_url,2021-10-24-bhonta-anubhuti-chai,ভোঁতা অনুভূতি চাই,2021-10-24,২৪ অক্টোবর ২০২১,সংবাদ,মতামত,full_text_permitted,,,Original publication URL is not present in the archive record; investigate separately.
missing_original_url,2021-10-21-bijnapnmukt-bideshi-chyanel,বিজ্ঞাপনমুক্ত বিদেশি চ্যানেল,2021-10-21,২১ অক্টোবর ২০২১,সাম্প্রতিক দেশকাল,মতামত,full_text_permitted,,,Original publication URL is not present in the archive record; investigate separately.
missing_original_url,2021-10-17-hay-hay-kompanir-fand,হায় হায় কোম্পানির ফাঁদ,2021-10-17,১৭ অক্টোবর ২০২১,সংবাদ,মতামত,full_text_permitted,,,Original publication URL is not present in the archive record; investigate separately.
missing_original_url,2021-10-10-rbindrnather-chulo-lmba-chhilo,রবীন্দ্রনাথের চুলও লম্বা ছিলো,2021-10-10,১০ অক্টোবর ২০২১,সংবাদ,মতামত,full_text_permitted,,,Original publication URL is not present in the archive record; investigate separately.
missing_original_url,2021-10-03-sangbadikder-smpder-hisab,সাংবাদিকদের সম্পদের হিসাব,2021-10-03,৩ অক্টোবর ২০২১,সংবাদ,মতামত,full_text_permitted,,,Original publication URL is not present in the archive record; investigate separately.
missing_original_url,2021-09-12-netibachk-khbrer-pradhany,নেতিবাচক খবরের প্রাধান্য,2021-09-12,১২ সেপ্টেম্বর ২০২১,সংবাদ,মতামত,full_text_permitted,,,Original publication URL is not present in the archive record; investigate separately.
missing_original_url,2021-09-05-njr-mohammd-ar-primni,নজর মোহাম্মদ আর পরীমনি,2021-09-05,৫ সেপ্টেম্বর ২০২১,সংবাদ,মতামত,full_text_permitted,,,Original publication URL is not present in the archive record; investigate separately.
missing_original_url,2021-08-29-chhatr-chhatrider-mansik-abstha,ছাত্র-ছাত্রীদের মানসিক অবস্থা,2021-08-29,২৯ আগস্ট ২০২১,সংবাদ,মতামত,full_text_permitted,,,Original publication URL is not present in the archive record; investigate separately.
missing_original_url,2021-08-22-dbitiy-dfay-talebani-shasn,দ্বিতীয় দফায় তালেবানি শাসন,2021-08-22,২২ আগস্ট ২০২১,সংবাদ,মতামত,full_text_permitted,,,Original publication URL is not present in the archive record; investigate separately.
missing_original_url,2021-08-16-yt-dosh-nnd-ghosh,যত দোষ নন্দ ঘোষ,2021-08-16,১৬ আগস্ট ২০২১,সংবাদ,মতামত,full_text_permitted,,,Original publication URL is not present in the archive record; investigate separately.
missing_original_url,2021-08-08-bhunifod-snggthner-biruddhe-abhiyan,ভুঁইফোড় সংগঠনের বিরুদ্ধে অভিযান,2021-08-08,৮ আগস্ট ২০২১,সংবাদ,মতামত,full_text_permitted,,,Original publication URL is not present in the archive record; investigate separately.
missing_original_url,2021-08-01-prdhanmntrir-ashryn-prklp,প্রধানমন্ত্রীর আশ্রয়ণ প্রকল্প,2021-08-01,১ আগস্ট ২০২১,সংবাদ,মতামত,full_text_permitted,,,Original publication URL is not present in the archive record; investigate separately.
missing_original_url,2021-07-25-jntar-bikshobhe-ashant-kiuba,জনতার বিক্ষোভে অশান্ত কিউবা,2021-07-25,২৫ জুলাই ২০২১,সংবাদ,মতামত,full_text_permitted,,,Original publication URL is not present in the archive record; investigate separately.
missing_original_url,2021-07-18-durghtnar-pr-schetnta-briddhi-pay,দুর্ঘটনার পর সচেতনতা বৃদ্ধি পায়,2021-07-18,১৮ জুলাই ২০২১,সংবাদ,মতামত,full_text_permitted,,,Original publication URL is not present in the archive record; investigate separately.
missing_original_url,2021-07-11-lkdaun-na-shatdaun,"লকডাউন, না শাটডাউন",2021-07-11,১১ জুলাই ২০২১,সংবাদ,মতামত,full_text_permitted,,https://sangbad.net.bd/opinion/post-editorial/32483/.,Original publication URL is not present in the archive record; investigate separately.
missing_original_url,2021-07-04-dhaka-bishbbidyaly-rbindrnath-ebng-birodhitar-kahini,"ঢাকা বিশ্ববিদ্যালয়, রবীন্দ্রনাথ এবং বিরোধিতার কাহিনী",2021-07-04,৪ জুলাই ২০২১,সংবাদ,মতামত,full_text_permitted,,,Original publication URL is not present in the archive record; investigate separately.
missing_original_url,2021-06-27-tiktok-soshyal-midiya-platform,টিকটক: সোশ্যাল মিডিয়া প্ল্যাটফর্ম,2021-06-27,২৭ জুন ২০২১,সংবাদ,মতামত,full_text_permitted,,,Original publication URL is not present in the archive record; investigate separately.
missing_original_url,2021-06-20-sada-mner-ek-manush,সাদা মনের এক মানুষ,2021-06-20,২০ জুন ২০২১,সংবাদ,মতামত,full_text_permitted,,,Original publication URL is not present in the archive record; investigate separately.
missing_original_url,2021-06-13-bajet,বাজেট ২০২১-২০২২,2021-06-13,১৩ জুন ২০২১,সংবাদ,মতামত,full_text_permitted,,,Original publication URL is not present in the archive record; investigate separately.
missing_original_url,2021-06-06-israile-bhrmn-nishedhajna,ইসরাইলে ভ্রমণ নিষেধাজ্ঞা,2021-06-06,৬ জুন ২০২১,সংবাদ,মতামত,full_text_permitted,,,Original publication URL is not present in the archive record; investigate separately.
missing_original_url,2021-05-30-filistin-israiler-yuddh-birti,ফিলিস্তিন-ইসরাইলের যুদ্ধ বিরতি,2021-05-30,৩০ মে ২০২১,সংবাদ,মতামত,full_text_permitted,,,Original publication URL is not present in the archive record; investigate separately.
missing_original_url,2021-05-23-hindu-na-ora-muslim-oi-jijnase-kon-jn,'হিন্দু না ওরা মুসলিম? ওই জিজ্ঞাসে কোন জন?’,2021-05-23,২৩ মে ২০২১,সংবাদ,মতামত,full_text_permitted,,,Original publication URL is not present in the archive record; investigate separately.
missing_original_url,2021-05-09-iran-o-aprtirodhy-israil,ইরান ও অপ্রতিরোধ্য ইসরাইল,2021-05-09,৯ মে ২০২১,সংবাদ,মতামত,full_text_permitted,,,Original publication URL is not present in the archive record; investigate separately.
missing_original_url,2021-05-01-srkar-ubhy-sngkte,সরকার উভয় সঙ্কটে,2021-05-01,১ মে ২০২১,সংবাদ,মতামত,full_text_permitted,,,Original publication URL is not present in the archive record; investigate separately.
missing_original_url,2021-04-25-pdmryadar-ldai-pulish-bnam-daktar,পদমর্যাদার লড়াই: পুলিশ বনাম ডাক্তার,2021-04-25,২৫ এপ্রিল ২০২১,সংবাদ,মতামত,full_text_permitted,,,Original publication URL is not present in the archive record; investigate separately.
missing_original_url,2021-04-18-adipatay-bipryst-hefajte-islam-ebng-byktigt-gopniyta,আড়িপাতায় বিপর্যস্ত হেফাজতে ইসলাম এবং ব্যক্তিগত গোপনীয়তা,2021-04-18,১৮ এপ্রিল ২০২১,সংবাদ,মতামত,full_text_permitted,,,Original publication URL is not present in the archive record; investigate separately.
missing_original_url,2021-04-04-modir-bangladesh-sfr,মোদির বাংলাদেশ সফর,2021-04-04,৪ এপ্রিল ২০২১,সংবাদ,মতামত,full_text_permitted,,,Original publication URL is not present in the archive record; investigate separately.
missing_original_url,2021-03-28-jhumn-daser-bak-sbadhinta,ঝুমন দাসের বাক স্বাধীনতা,2021-03-28,২৮ মার্চ ২০২১,সংবাদ,মতামত,full_text_permitted,,,Original publication URL is not present in the archive record; investigate separately.
missing_original_url,2021-03-21-transjendard-tasnubha-nusrat,ট্রান্সজেন্ডারড তাসনুভা-নুসরাত,2021-03-21,২১ মার্চ ২০২১,সংবাদ,মতামত,full_text_permitted,,,Original publication URL is not present in the archive record; investigate separately.
missing_original_url,2021-03-14-dijital-ainer-bhiti,ডিজিটাল আইনের ভীতি,2021-03-14,১৪ মার্চ ২০২১,সংবাদ,মতামত,full_text_permitted,,,Original publication URL is not present in the archive record; investigate separately.
missing_original_url,2021-02-28-shohid-minar-prtibader-manch,শহীদ মিনার: প্রতিবাদের মঞ্চ,2021-02-28,২৮ ফেব্রুয়ারি ২০২১,সংবাদ,মতামত,full_text_permitted,,,Original publication URL is not present in the archive record; investigate separately.
missing_original_url,2021-02-21-rashtriyo-khetab-batil,রাষ্ট্রীয় খেতাব বাতিল,2021-02-21,২১ ফেব্রুয়ারি ২০২১,সংবাদ,মতামত,full_text_permitted,,,Original publication URL is not present in the archive record; investigate separately.
missing_original_url,2021-02-14-miyanmare-samrik-abhyutthan,মিয়ানমারে সামরিক অভ্যুত্থান,2021-02-14,১৪ ফেব্রুয়ারি ২০২১,সংবাদ,মতামত,full_text_permitted,,,Original publication URL is not present in the archive record; investigate separately.
missing_original_url,2021-02-07-nirbachne-aniym,নির্বাচনে অনিয়ম,2021-02-07,৭ ফেব্রুয়ারি ২০২১,সংবাদ,মতামত,full_text_permitted,,,Original publication URL is not present in the archive record; investigate separately.
missing_original_url,2021-01-31-priksha-chhada-pas,পরীক্ষা ছাড়া পাস,2021-01-31,৩১ জানুয়ারি ২০২১,সংবাদ,মতামত,full_text_permitted,,,Original publication URL is not present in the archive record; investigate separately.
missing_original_url,2021-01-24-monda-edar-safolye-bangladesh,মন্দা এড়ানোর সাফল্যে বাংলাদেশ,2021-01-24,২৪ জানুয়ারি ২০২১,সংবাদ,মতামত,full_text_permitted,,,Original publication URL is not present in the archive record; investigate separately.
missing_original_url,2021-01-22-adaloter-porjobekkhone-bangladesh-bank,আদালতের পর্যবেক্ষণে বাংলাদেশ ব্যাংক,2021-01-22,২২ জানুয়ারি ২০২১,বাংলাদেশ প্রতিদিন,মতামত,full_text_permitted,,,Original publication URL is not present in the archive record; investigate separately.
missing_original_url,2021-01-17-capitol-hile-hamla-markin-gonotantrer-sankat,ক্যাপিটল হিলে হামলা: মার্কিন গণতন্ত্রের সংকট,2021-01-17,১৭ জানুয়ারি ২০২১,সংবাদ,মতামত,full_text_permitted,,,Original publication URL is not present in the archive record; investigate separately.
missing_original_url,2021-01-10-awami-lige-anuprabeshkari,আওয়ামী লীগে অনুপ্রবেশকারী,2021-01-10,১০ জানুয়ারি ২০২১,সংবাদ,মতামত,full_text_permitted,,,Original publication URL is not present in the archive record; investigate separately.
missing_original_url,2021-01-03-kronar-ntun-sngskrn-o-tika,করোনার নতুন সংস্করণ ও টিকা,2021-01-03,৩ জানুয়ারি ২০২১,সংবাদ,মতামত,full_text_permitted,,,Original publication URL is not present in the archive record; investigate separately.
missing_original_url,2020-12-27-bagha-jotiner-bhaskorjo,বাঘা যতীনের ভাস্কর্য,2020-12-27,২৭ ডিসেম্বর ২০২০,সংবাদ,মতামত,full_text_permitted,,,Original publication URL is not present in the archive record; investigate separately.
missing_original_url,2020-12-20-chor-dhoreo-chor-hoye-jachchi,‘চোর ধরেও চোর হয়ে যাচ্ছি’,2020-12-20,২০ ডিসেম্বর ২০২০,সংবাদ,মতামত,full_text_permitted,,,Original publication URL is not present in the archive record; investigate separately.
missing_original_url,2020-12-13-murti-bnam-bhaskry,মুর্তি বনাম ভাস্কর্য,2020-12-13,১৩ ডিসেম্বর ২০২০,সংবাদ,মতামত,full_text_permitted,,,Original publication URL is not present in the archive record; investigate separately.
missing_original_url,2020-12-06-sakiber-kshma-prarthna,সাকিবের ক্ষমা প্রার্থনা,2020-12-06,৬ ডিসেম্বর ২০২০,সংবাদ,মতামত,full_text_permitted,,,Original publication URL is not present in the archive record; investigate separately.
missing_original_url,2020-11-29-munirujjman-asamprdayik-chetnar-prtibhu,মুনীরুজ্জমান  অসাম্প্রদায়িক চেতনার প্রতিভূ,2020-11-29,২৯ নভেম্বর ২০২০,সংবাদ,মতামত,full_text_permitted,,,Original publication URL is not present in the archive record; investigate separately.
missing_original_url,2020-11-22-armeniya-ajarbaijaner-yuddh,আর্মেনিয়া-আজারবাইজানের যুদ্ধ,2020-11-22,২২ নভেম্বর ২০২০,সংবাদ,মতামত,full_text_permitted,,,Original publication URL is not present in the archive record; investigate separately.
missing_original_url,2020-11-15-markin-yuktrashtrer-nirbachn,মার্কিন যুক্তরাষ্ট্রের নির্বাচন,2020-11-15,১৫ নভেম্বর ২০২০,সংবাদ,মতামত,full_text_permitted,,,Original publication URL is not present in the archive record; investigate separately.
missing_original_url,2020-11-08-unmtt-jntar-unmadna,উন্মত্ত জনতার উন্মাদনা,2020-11-08,৮ নভেম্বর ২০২০,সংবাদ,মতামত,full_text_permitted,,,Original publication URL is not present in the archive record; investigate separately.
missing_original_url,2020-10-25-allahr-duniyay-jmir-abhab-nei,আল্লাহর দুনিয়ায় জমির অভাব নেই,2020-10-25,২৫ অক্টোবর ২০২০,সংবাদ,মতামত,full_text_permitted,,,Original publication URL is not present in the archive record; investigate separately.
missing_original_url,2020-10-18-rshid-haydar-tini-ekjni,"রশীদ হায়দার-‘তিনি, একজনই’",2020-10-18,১৮ অক্টোবর ২০২০,সংবাদ,মতামত,full_text_permitted,,,Original publication URL is not present in the archive record; investigate separately.
missing_original_url,2020-10-11-dhrshne-bipryst-bangladesh,ধর্ষণে বিপর্যস্ত বাংলাদেশ,2020-10-11,১১ অক্টোবর ২০২০,সংবাদ,মতামত,full_text_permitted,,,Original publication URL is not present in the archive record; investigate separately.
missing_original_url,2020-10-04-dhrshner-brbrta,ধর্ষণের বর্বরতা,2020-10-04,৪ অক্টোবর ২০২০,সংবাদ,মতামত,full_text_permitted,,,Original publication URL is not present in the archive record; investigate separately.
missing_original_url,2020-09-27-khichudi-niye-matm,খিচুড়ি নিয়ে মাতম,2020-09-27,২৭ সেপ্টেম্বর ২০২০,সংবাদ,মতামত,full_text_permitted,,,Original publication URL is not present in the archive record; investigate separately.
missing_original_url,2020-09-20-msjide-bisforn,মসজিদে বিস্ফোরণ,2020-09-20,২০ সেপ্টেম্বর ২০২০,সংবাদ,মতামত,full_text_permitted,,,Original publication URL is not present in the archive record; investigate separately.
missing_original_url,2020-09-13-siti-krporeshner-sarmeyniti,সিটি কর্পোরেশনের সারমেয়নীতি,2020-09-13,১৩ সেপ্টেম্বর ২০২০,সংবাদ,মতামত,full_text_permitted,,,Original publication URL is not present in the archive record; investigate separately.
missing_original_url,2020-09-06-bhart-bangladesh-chin,ভারত-বাংলাদেশ-চীন,2020-09-06,৬ সেপ্টেম্বর ২০২০,সংবাদ,মতামত,full_text_permitted,,,Original publication URL is not present in the archive record; investigate separately.
missing_original_url,2020-08-30-manush-banche-manusher-jny,মানুষ বাঁচে মানুষের জন্য,2020-08-30,৩০ আগস্ট ২০২০,সংবাদ,মতামত,full_text_permitted,,,Original publication URL is not present in the archive record; investigate separately.
missing_original_url,2020-08-23-krona-bhyaksin-abiskar,করোনা-ভ্যাকসিন আবিস্কার,2020-08-23,২৩ আগস্ট ২০২০,সংবাদ,মতামত,full_text_permitted,,,Original publication URL is not present in the archive record; investigate separately.
missing_original_url,2020-08-09-pshu-prem-o-manbikta,পশু প্রেম ও মানবিকতা,2020-08-09,৯ আগস্ট ২০২০,সংবাদ,মতামত,full_text_permitted,,,Original publication URL is not present in the archive record; investigate separately.
missing_original_url,2020-07-26-kronar-bhyaksin,করোনার ভ্যাকসিন,2020-07-26,২৬ জুলাই ২০২০,সংবাদ,মতামত,full_text_permitted,,,Original publication URL is not present in the archive record; investigate separately.
missing_original_url,2020-07-19-shaheder-kishori-meyeo-bibrt,শাহেদের কিশোরী মেয়েও বিব্রত,2020-07-19,১৯ জুলাই ২০২০,সংবাদ,মতামত,full_text_permitted,,,Original publication URL is not present in the archive record; investigate separately.
missing_original_url,2020-07-12-takay-bagher-dudh-mele,টাকায় বাঘের দুধ মেলে,2020-07-12,১২ জুলাই ২০২০,সংবাদ,মতামত,full_text_permitted,,,Original publication URL is not present in the archive record; investigate separately.
missing_original_url,2020-07-05-mnda-arthnitir-kble-byangk,মন্দা অর্থনীতির কবলে ব্যাংক,2020-07-05,৫ জুলাই ২০২০,সংবাদ,মতামত,full_text_permitted,,,Original publication URL is not present in the archive record; investigate separately.
missing_original_url,2020-06-28-allah-malik-kajemi,আল্লাহ মালিক কাজেমী,2020-06-28,২৮ জুন ২০২০,সংবাদ,মতামত,full_text_permitted,,,Original publication URL is not present in the archive record; investigate separately.
missing_original_url,2020-06-21-lkdaune-mansik-dushchinta,লকডাউনে মানসিক দুশ্চিন্তা,2020-06-21,২১ জুন ২০২০,সংবাদ,মতামত,full_text_permitted,,,Original publication URL is not present in the archive record; investigate separately.
missing_original_url,2020-06-14-amra-sbai-brnchora-brnbadi,আমরা সবাই বর্ণচোরা বর্ণবাদী,2020-06-14,১৪ জুন ২০২০,সংবাদ,মতামত,full_text_permitted,,,Original publication URL is not present in the archive record; investigate separately.
missing_original_url,2020-06-07-ndbd-lkdaun,নড়বড় লকডাউন,2020-06-07,৭ জুন ২০২০,সংবাদ,মতামত,full_text_permitted,,,Original publication URL is not present in the archive record; investigate separately.
missing_original_url,2020-05-31-pshu-pakhi-htya,পশু-পাখী হত্যা,2020-05-31,৩১ মে ২০২০,সংবাদ,মতামত,full_text_permitted,,,Original publication URL is not present in the archive record; investigate separately.
missing_original_url,2020-05-17-tratar-bhumikay-pulish-o-sshstrbahini,ত্রাতার ভূমিকায় পুলিশ ও সশস্ত্রবাহিনী,2020-05-17,১৭ মে ২০২০,সংবাদ,মতামত,full_text_permitted,,,Original publication URL is not present in the archive record; investigate separately.
missing_original_url,2020-05-10-gnsbasther-kit,গণস্বাস্থের কিট,2020-05-10,১০ মে ২০২০,সংবাদ,মতামত,full_text_permitted,,,Original publication URL is not present in the archive record; investigate separately.
missing_original_url,2020-05-03-chiki-skder-atngk,চিকিৎসকদের আতঙ্ক,2020-05-03,৩ মে ২০২০,সংবাদ,মতামত,full_text_permitted,,,Original publication URL is not present in the archive record; investigate separately.
missing_original_url,2020-04-26-maolana-ansarir-janaja,মাওলানা আনসারীর জানাজা,2020-04-26,২৬ এপ্রিল ২০২০,সংবাদ,মতামত,full_text_permitted,,,Original publication URL is not present in the archive record; investigate separately.
missing_original_url,2020-04-19-basntir-prtyabrtner-pddhbni,বাসন্তীর প্রত্যাবর্তনের পদধ্বনি,2020-04-19,১৯ এপ্রিল ২০২০,সংবাদ,মতামত,full_text_permitted,,,Original publication URL is not present in the archive record; investigate separately.
missing_original_url,2020-04-12-amader-chritrer-bichitr-rup,আমাদের চরিত্রের বিচিত্র রূপ,2020-04-12,১২ এপ্রিল ২০২০,সংবাদ,মতামত,full_text_permitted,,,Original publication URL is not present in the archive record; investigate separately.
missing_original_url,2020-04-06-mrite-chahi-na-ami-sundr-bhubne,‘মরিতে চাহি না আমি সুন্দর ভুবনে’,2020-04-06,৬ এপ্রিল ২০২০,সংবাদ,মতামত,full_text_permitted,,,Original publication URL is not present in the archive record; investigate separately.
missing_original_url,2020-03-29-kronabhairaser-kbirajgn,করোনাভাইরাসের কবিরাজগণ,2020-03-29,২৯ মার্চ ২০২০,সংবাদ,মতামত,full_text_permitted,,,Original publication URL is not present in the archive record; investigate separately.
missing_original_url,2020-03-22-mujibbrsh,মুজিববর্ষ,2020-03-22,২২ মার্চ ২০২০,সংবাদ,মতামত,full_text_permitted,,,Original publication URL is not present in the archive record; investigate separately.
missing_original_url,2020-03-15-kronay-bishbayn-bipryst,করোনায় বিশ্বায়ন বিপর্যস্ত,2020-03-15,১৫ মার্চ ২০২০,সংবাদ,মতামত,full_text_permitted,,,Original publication URL is not present in the archive record; investigate separately.
missing_original_url,2020-03-08-dillir-shahinbag,দিল্লির শাহীনবাগ,2020-03-08,৮ মার্চ ২০২০,সংবাদ,মতামত,full_text_permitted,,,Original publication URL is not present in the archive record; investigate separately.
missing_original_url,2020-03-01-asusth-rajnitir-bikar,অসুস্থ রাজনীতির বিকার,2020-03-01,১ মার্চ ২০২০,সংবাদ,মতামত,full_text_permitted,,,Original publication URL is not present in the archive record; investigate separately.
missing_original_url,2020-02-23-bhaskr-rashar-mujibbrsh,ভাস্কর রাশার মুজিববর্ষ,2020-02-23,২৩ ফেব্রুয়ারি ২০২০,সংবাদ,মতামত,full_text_permitted,,,Original publication URL is not present in the archive record; investigate separately.
missing_original_url,2020-02-16-jngner-opr-astha-nei,জনগণের ওপর আস্থা নেই,2020-02-16,১৬ ফেব্রুয়ারি ২০২০,সংবাদ,মতামত,full_text_permitted,,,Original publication URL is not present in the archive record; investigate separately.
missing_original_url,2020-02-09-ami-bhot-diyechhi,আমি ভোট দিয়েছি,2020-02-09,৯ ফেব্রুয়ারি ২০২০,সংবাদ,মতামত,full_text_permitted,,,Original publication URL is not present in the archive record; investigate separately.
missing_original_url,2020-02-02-kronabhairaser-chhobl,করোনাভাইরাসের ছোবল,2020-02-02,২ ফেব্রুয়ারি ২০২০,সংবাদ,মতামত,full_text_permitted,,,Original publication URL is not present in the archive record; investigate separately.
missing_original_url,2020-01-26-bu-pitanor-adhikar,বউ পিটানোর অধিকার,2020-01-26,২৬ জানুয়ারি ২০২০,সংবাদ,মতামত,full_text_permitted,,,Original publication URL is not present in the archive record; investigate separately.
missing_original_url,2020-01-19-jj-miya-mane-sajano-natk,‘জজ মিয়া’ মানে ‘সাজানো-নাটক’,2020-01-19,১৯ জানুয়ারি ২০২০,সংবাদ,মতামত,full_text_permitted,,,Original publication URL is not present in the archive record; investigate separately.
missing_original_url,2020-01-12-smr-bishard-soleimani,সমর বিশারদ সোলেইমানি,2020-01-12,১২ জানুয়ারি ২০২০,সংবাদ,মতামত,full_text_permitted,,,Original publication URL is not present in the archive record; investigate separately.
missing_original_url,2020-01-05-deshe-deshe-nipidit-sngkhyalghu,দেশে দেশে নিপীড়িত সংখ্যালঘু,2020-01-05,৫ জানুয়ারি ২০২০,সংবাদ,মতামত,full_text_permitted,,,Original publication URL is not present in the archive record; investigate separately.
missing_original_url,2019-12-29-bharter-samprdayik-pdkshep,ভারতের সাম্প্রদায়িক পদক্ষেপ,2019-12-29,২৯ ডিসেম্বর ২০১৯,সংবাদ,মতামত,full_text_permitted,,,Original publication URL is not present in the archive record; investigate separately.
missing_original_url,2019-12-22-angg-prtyngg-sngyojne-dhrm,অঙ্গ-প্রত্যঙ্গ সংযোজনে ধর্ম,2019-12-22,২২ ডিসেম্বর ২০১৯,সংবাদ,মতামত,full_text_permitted,,,Original publication URL is not present in the archive record; investigate separately.
missing_original_url,2019-12-15-angg-prtyngg-sngyojne-ain,অঙ্গ-প্রত্যঙ্গ সংযোজনে আইন,2019-12-15,১৫ ডিসেম্বর ২০১৯,সংবাদ,মতামত,full_text_permitted,,,Original publication URL is not present in the archive record; investigate separately.
missing_original_url,2019-12-08-sdk-durghtna-o-ntun-ain,সড়ক দুর্ঘটনা ও নতুন আইন,2019-12-08,৮ ডিসেম্বর ২০১৯,সংবাদ,মতামত,full_text_permitted,,,Original publication URL is not present in the archive record; investigate separately.
missing_original_url,2019-12-01-jnmdin-udyapne-jltrngg,জন্মদিন উদযাপনে ‘জলতরঙ্গ’,2019-12-01,১ ডিসেম্বর ২০১৯,সংবাদ,মতামত,full_text_permitted,,,Original publication URL is not present in the archive record; investigate separately.
missing_original_url,2019-11-24-piyajer-jhanj,পিয়াজের ঝাঁজ,2019-11-24,২৪ নভেম্বর ২০১৯,সংবাদ,মতামত,full_text_permitted,,,Original publication URL is not present in the archive record; investigate separately.
missing_original_url,2019-11-17-duhkh-prkash-o-bktby-prtyahar,দুঃখ প্রকাশ ও বক্তব্য প্রত্যাহার,2019-11-17,১৭ নভেম্বর ২০১৯,সংবাদ,মতামত,full_text_permitted,,,Original publication URL is not present in the archive record; investigate separately.
missing_original_url,2019-11-10-anubhutir-khesart,অনুভূতির খেসারত,2019-11-10,১০ নভেম্বর ২০১৯,সংবাদ,মতামত,full_text_permitted,,,Original publication URL is not present in the archive record; investigate separately.
missing_original_url,2019-11-03-abrarer-mrityu-ebng-chhatr-rajniti-2,আবরারের মৃত্যু এবং ছাত্র রাজনীতি(2),2019-11-03,৩ নভেম্বর ২০১৯,সংবাদ,মতামত,full_text_permitted,,,Original publication URL is not present in the archive record; investigate separately.
missing_original_url,2019-10-27-abrarer-mrityu-ebng-chhatr-rajniti-1,আবরারের মৃত্যু এবং ছাত্র রাজনীতি(1),2019-10-27,২৭ অক্টোবর ২০১৯,সংবাদ,মতামত,full_text_permitted,,,Original publication URL is not present in the archive record; investigate separately.
missing_original_url,2019-10-14-juyar-asr-kyasino-2,জুয়ার আসর ক্যাসিনো(2),2019-10-14,১৪ অক্টোবর ২০১৯,সংবাদ,মতামত,full_text_permitted,,,Original publication URL is not present in the archive record; investigate separately.
missing_original_url,2019-10-06-juyar-asr-kyasino-1,জুয়ার আসর ক্যাসিনো(1),2019-10-06,৬ অক্টোবর ২০১৯,সংবাদ,মতামত,full_text_permitted,,,Original publication URL is not present in the archive record; investigate separately.
missing_original_url,2019-09-29-tajiya-michhile-pddln-2,তাজিয়া মিছিলে পদদলন(2),2019-09-29,২৯ সেপ্টেম্বর ২০১৯,সংবাদ,মতামত,full_text_permitted,,,Original publication URL is not present in the archive record; investigate separately.
missing_original_url,2019-09-22-tajiya-michhile-pddln-1,তাজিয়া মিছিলে পদদলন(1),2019-09-22,২২ সেপ্টেম্বর ২০১৯,সংবাদ,মতামত,full_text_permitted,,,Original publication URL is not present in the archive record; investigate separately.
missing_original_url,2019-09-15-asam-kamrup-kamakhya-2,আসাম  কামরূপ কামাখ্যা(2),2019-09-15,১৫ সেপ্টেম্বর ২০১৯,সংবাদ,মতামত,full_text_permitted,,,Original publication URL is not present in the archive record; investigate separately.
missing_original_url,2019-09-08-asam-kamrup-kamakhya-1,আসাম  কামরূপ কামাখ্যা(1),2019-09-08,৮ সেপ্টেম্বর ২০১৯,সংবাদ,মতামত,full_text_permitted,,,Original publication URL is not present in the archive record; investigate separately.
missing_original_url,2019-09-01-bhusbrg-khyat-kashmir-2,ভূস্বর্গ খ্যাত কাশ্মীর(2),2019-09-01,১ সেপ্টেম্বর ২০১৯,সংবাদ,মতামত,full_text_permitted,,,Original publication URL is not present in the archive record; investigate separately.
missing_original_url,2019-08-25-bhusbrg-khyat-kashmir-1,ভূস্বর্গ খ্যাত কাশ্মীর(1),2019-08-25,২৫ আগস্ট ২০১৯,সংবাদ,মতামত,full_text_permitted,,,Original publication URL is not present in the archive record; investigate separately.
missing_original_url,2019-08-18-atngke-achhi,আতঙ্কে আছি,2019-08-18,১৮ আগস্ট ২০১৯,সংবাদ,মতামত,full_text_permitted,,,Original publication URL is not present in the archive record; investigate separately.
missing_original_url,2019-07-23-srkarer-jbabdihita,সরকারের জবাবদিহিতা,2019-08-11,১১ আগস্ট ২০১৯,সংবাদ,মতামত,full_text_permitted,,,Original publication URL is not present in the archive record; investigate separately.
missing_original_url,2019-08-04-gune-ny-mane-alada,"গুণে নয়, মানে আলাদা",2019-08-04,৪ আগস্ট ২০১৯,সংবাদ,মতামত,full_text_permitted,,,Original publication URL is not present in the archive record; investigate separately.
missing_original_url,2019-07-28-priya-sahar-hyandshek,প্রিয়া সাহার হ্যান্ডশেক,2019-07-28,২৮ জুলাই ২০১৯,সংবাদ,মতামত,full_text_permitted,,,Original publication URL is not present in the archive record; investigate separately.
missing_original_url,2019-07-21-bhagyban-president-ershad,ভাগ্যবান প্রেসিডেন্ট এরশাদ,2019-07-21,২১ জুলাই ২০১৯,সংবাদ,মতামত,full_text_permitted,,,Original publication URL is not present in the archive record; investigate separately.
missing_original_url,2019-07-14-dhrshner-jny-shytan-dayi,‘ধর্ষণের জন্য শয়তান দায়ী’,2019-07-14,১৪ জুলাই ২০১৯,সংবাদ,মতামত,full_text_permitted,,,Original publication URL is not present in the archive record; investigate separately.
missing_original_url,2019-07-07-kshmar-ayogy-brbrta,ক্ষমার অযোগ্য বর্বরতা,2019-07-07,৭ জুলাই ২০১৯,সংবাদ,মতামত,full_text_permitted,,,Original publication URL is not present in the archive record; investigate separately.
missing_original_url,2019-06-30-halal-nait-klab,হালাল নাইট ক্লাব,2019-06-30,৩০ জুন ২০১৯,সংবাদ,মতামত,full_text_permitted,,,Original publication URL is not present in the archive record; investigate separately.
missing_original_url,2019-06-23-abhibasi-o-udbastu,অভিবাসী ও উদ্বাস্তু,2019-06-23,২৩ জুন ২০১৯,সংবাদ,মতামত,full_text_permitted,,,Original publication URL is not present in the archive record; investigate separately.
missing_original_url,2019-06-16-shekh-hasina-nirbhrta,শেখ হাসিনা নির্ভরতা,2019-06-16,১৬ জুন ২০১৯,সংবাদ,মতামত,full_text_permitted,,,Original publication URL is not present in the archive record; investigate separately.
missing_original_url,2019-06-09-badti-u-padner-bidmbna,বাড়তি উৎপাদনের বিড়ম্বনা,2019-06-09,৯ জুন ২০১৯,সংবাদ,মতামত,full_text_permitted,,,Original publication URL is not present in the archive record; investigate separately.
missing_original_url,2019-06-02-nrendr-modir-jy,নরেন্দ্র মোদির জয়,2019-06-02,২ জুন ২০১৯,সংবাদ,মতামত,full_text_permitted,,,Original publication URL is not present in the archive record; investigate separately.
missing_original_url,2019-05-26-imej-sngkte-byangk,ইমেজ সংকটে ব্যাংক,2019-05-26,২৬ মে ২০১৯,সংবাদ,মতামত,full_text_permitted,,,Original publication URL is not present in the archive record; investigate separately.
missing_original_url,2019-05-19-koutuk-abhineta-anis-bhai,কৌতুক অভিনেতা আনিস ভাই,2019-05-19,১৯ মে ২০১৯,সংবাদ,মতামত,full_text_permitted,,,Original publication URL is not present in the archive record; investigate separately.
missing_original_url,2019-05-12-bipnn-bhabmurti-niye-bienpi,বিপন্ন ভাবমূর্তি নিয়ে বিএনপি,2019-05-12,১২ মে ২০১৯,সংবাদ,মতামত,full_text_permitted,,,Original publication URL is not present in the archive record; investigate separately.
missing_original_url,2019-05-05-natker-nam-ami,নাটকের নাম ‘আমি’,2019-05-05,৫ মে ২০১৯,সংবাদ,মতামত,full_text_permitted,,,Original publication URL is not present in the archive record; investigate separately.
missing_original_url,2019-04-28-bidhbngsi-atmghati-boma,বিধ্বংসী আত্মঘাতী বোমা,2019-04-28,২৮ এপ্রিল ২০১৯,সংবাদ,মতামত,full_text_permitted,,,Original publication URL is not present in the archive record; investigate separately.
missing_original_url,2019-04-21-dhrshker-pkshe-michhil,ধর্ষকের পক্ষে মিছিল!,2019-04-21,২১ এপ্রিল ২০১৯,সংবাদ,মতামত,full_text_permitted,,,Original publication URL is not present in the archive record; investigate separately.
missing_original_url,2019-04-14-madrasar-adhyksher-kamukta,মাদ্রাসার অধ্যক্ষের কামুকতা,2019-04-14,১৪ এপ্রিল ২০১৯,সংবাদ,মতামত,full_text_permitted,,,Original publication URL is not present in the archive record; investigate separately.
missing_original_url,2019-04-07-agun-agun,আগুন আগুন,2019-04-07,৭ এপ্রিল ২০১৯,সংবাদ,মতামত,full_text_permitted,,,Original publication URL is not present in the archive record; investigate separately.
missing_original_url,2019-03-31-eka-ek-nari,একা এক নারী,2019-03-31,৩১ মার্চ ২০১৯,সংবাদ,মতামত,full_text_permitted,,,Original publication URL is not present in the archive record; investigate separately.
missing_original_url,2019-03-24-upasnalye-jnggi-akrmn,উপাসনালয়ে জঙ্গি-আক্রমণ,2019-03-24,২৪ মার্চ ২০১৯,সংবাদ,মতামত,full_text_permitted,,,Original publication URL is not present in the archive record; investigate separately.
missing_original_url,2019-03-17-chadre-moda-niraptta,চাদরে মোড়া নিরাপত্তা,2019-03-17,১৭ মার্চ ২০১৯,সংবাদ,মতামত,full_text_permitted,,,Original publication URL is not present in the archive record; investigate separately.
missing_original_url,2019-03-10-jitl-imran-khan,জিতল ইমরান খান!,2019-03-10,১০ মার্চ ২০১৯,সংবাদ,মতামত,full_text_permitted,,,Original publication URL is not present in the archive record; investigate separately.
missing_original_url,2019-03-03-bangladesh-jamayate-islam,বাংলাদেশ জামায়াতে ইসলাম,2019-03-03,৩ মার্চ ২০১৯,সংবাদ,মতামত,full_text_permitted,,,Original publication URL is not present in the archive record; investigate separately.
missing_original_url,2019-02-03-durnitir-matra-bede-gel,দুর্নীতির মাত্রা বেড়ে গেল,2019-02-03,৩ ফেব্রুয়ারি ২০১৯,সংবাদ,মতামত,full_text_permitted,,,Original publication URL is not present in the archive record; investigate separately.
missing_original_url,2018-12-01-tablig-jamater-bibhajn,তাবলিগ জামাতের বিভাজন,2019-01-13,১৩ জানুয়ারি ২০১৯,সংবাদ,মতামত,full_text_permitted,,,Original publication URL is not present in the archive record; investigate separately.
missing_original_url,2019-01-01-nana-sngkte-pakistan,নানা সংকটে পাকিস্তান,2019-01-01,২০১৯ (তারিখ অনির্দিষ্ট),সংবাদ,মতামত,full_text_permitted,,,Original publication URL is not present in the archive record; investigate separately.
missing_original_url,2019-01-01-nari-oyajer-akrshniy-upjiby,নারী ওয়াজের আকর্ষণীয় উপজীব্য,2019-01-01,২০১৯ (তারিখ অনির্দিষ্ট),সংবাদ,মতামত,full_text_permitted,,,Original publication URL is not present in the archive record; investigate separately.
missing_original_url,2019-01-01-prkiya-shastiyogy-apradh-ny,পরকীয়া শাস্তিযোগ্য অপরাধ নয়,2019-01-01,২০১৯ (তারিখ অনির্দিষ্ট),সংবাদ,মতামত,full_text_permitted,,,Original publication URL is not present in the archive record; investigate separately.
missing_original_url,2019-01-01-mjuribihin-sangbadik,মজুরিবিহীন সাংবাদিক,2019-01-01,২০১৯ (তারিখ অনির্দিষ্ট),সংবাদ,মতামত,full_text_permitted,,,Original publication URL is not present in the archive record; investigate separately.
missing_original_url,2019-01-01-shrnarthi-shibire-ayanjelina-joli,শরণার্থী শিবিরে অ্যাঞ্জেলিনা জোলি,2019-01-01,২০১৯ (তারিখ অনির্দিষ্ট),সংবাদ,মতামত,full_text_permitted,,,Original publication URL is not present in the archive record; investigate separately.
missing_original_url,2019-01-01-soudi-meye-rahaf,সৌদি মেয়ে রাহাফ,2019-01-01,২০১৯ (তারিখ অনির্দিষ্ট),সংবাদ,মতামত,full_text_permitted,,,Original publication URL is not present in the archive record; investigate separately.
missing_original_url,2018-12-16-birprtik-taramn-bibi,বীরপ্রতীক তারামন বিবি,2018-12-16,১৬ ডিসেম্বর ২০১৮,সংবাদ,মতামত,full_text_permitted,,,Original publication URL is not present in the archive record; investigate separately.
missing_original_url,2018-12-09-aritrir-atmhtya,অরিত্রির আত্মহত্যা,2018-12-09,৯ ডিসেম্বর ২০১৮,সংবাদ,মতামত,full_text_permitted,,,Original publication URL is not present in the archive record; investigate separately.
missing_original_url,2018-12-02-kutniti-sima-prisima,কূটনীতি সীমা-পরিসীমা,2018-12-02,২ ডিসেম্বর ২০১৮,সংবাদ,মতামত,full_text_permitted,,,Original publication URL is not present in the archive record; investigate separately.
missing_original_url,2018-11-25-shouchagar-smachar,শৌচাগার সমাচার,2018-11-25,২৫ নভেম্বর ২০১৮,সংবাদ,মতামত,full_text_permitted,,,Original publication URL is not present in the archive record; investigate separately.
missing_original_url,2018-11-18-pakistaner-asiya-bibi,পাকিস্তানের আসিয়া বিবি,2018-11-18,১৮ নভেম্বর ২০১৮,সংবাদ,মতামত,full_text_permitted,,,Original publication URL is not present in the archive record; investigate separately.
missing_original_url,2018-11-04-bhu-bibaher-pkshe-okalti,বহু বিবাহের পক্ষে ওকালতি,2018-11-04,৪ নভেম্বর ২০১৮,সংবাদ,মতামত,full_text_permitted,,,Original publication URL is not present in the archive record; investigate separately.
missing_original_url,2018-10-28-chritrhin,‘চরিত্রহীন’,2018-10-28,২৮ অক্টোবর ২০১৮,সংবাদ,মতামত,full_text_permitted,,,Original publication URL is not present in the archive record; investigate separately.
missing_original_url,2018-10-21-soudider-hambda-bhab,সৌদিদের হামবড়া ভাব,2018-10-21,২১ অক্টোবর ২০১৮,সংবাদ,মতামত,full_text_permitted,,,Original publication URL is not present in the archive record; investigate separately.
missing_original_url,2018-10-14-yuddher-astr-dhrshn,যুদ্ধের অস্ত্র ধর্ষণ,2018-10-14,১৪ অক্টোবর ২০১৮,সংবাদ,মতামত,full_text_permitted,,,Original publication URL is not present in the archive record; investigate separately.
missing_original_url,2018-10-07-abhishpt-meye-sntan,অভিশপ্ত মেয়ে সন্তান,2018-10-07,৭ অক্টোবর ২০১৮,সংবাদ,মতামত,full_text_permitted,,,Original publication URL is not present in the archive record; investigate separately.
missing_original_url,2018-09-30-banka-kthay-unnyn-mlin,বাঁকা কথায় উন্নয়ন মলিন,2018-09-30,৩০ সেপ্টেম্বর ২০১৮,সংবাদ,মতামত,full_text_permitted,,,Original publication URL is not present in the archive record; investigate separately.
missing_original_url,2018-09-23-jsim-uddiner-pdbi-laibreriyan,জসীম উদ্দিনের পদবি লাইব্রেরিয়ান,2018-09-23,২৩ সেপ্টেম্বর ২০১৮,সংবাদ,মতামত,full_text_permitted,,,Original publication URL is not present in the archive record; investigate separately.
missing_original_url,2018-09-16-kishor-mastan,কিশোর মাস্তান,2018-09-16,১৬ সেপ্টেম্বর ২০১৮,সংবাদ,মতামত,full_text_permitted,,,Original publication URL is not present in the archive record; investigate separately.
missing_original_url,2018-09-09-gnpribhne-youn-niryatn,গণপরিবহনে যৌন নির্যাতন,2018-09-09,৯ সেপ্টেম্বর ২০১৮,সংবাদ,মতামত,full_text_permitted,,,Original publication URL is not present in the archive record; investigate separately.
missing_original_url,2018-09-02-grur-guntay-mrityu,গরুর গুঁতায় মৃত্যু,2018-09-02,২ সেপ্টেম্বর ২০১৮,সংবাদ,মতামত,full_text_permitted,,,Original publication URL is not present in the archive record; investigate separately.
missing_original_url,2018-08-26-alpdrshi-abu-jafr-shamchhuddin,অল্পদর্শী-আবু জাফর শামছুদ্দীন,2018-08-26,২৬ আগস্ট ২০১৮,সংবাদ,মতামত,full_text_permitted,,,Original publication URL is not present in the archive record; investigate separately.
missing_original_url,2018-08-19-madrasa-shikshay-sbikriti,মাদরাসা শিক্ষায় স্বীকৃতি,2018-08-19,১৯ আগস্ট ২০১৮,সংবাদ,মতামত,full_text_permitted,,,Original publication URL is not present in the archive record; investigate separately.
missing_original_url,2018-08-12-ui-oyant-jastis,‘উই ওয়ান্ট জাস্টিস’,2018-08-12,১২ আগস্ট ২০১৮,সংবাদ,মতামত,full_text_permitted,,,Original publication URL is not present in the archive record; investigate separately.
missing_original_url,2018-08-05-beproya-gadichalk,বেপরোয়া গাড়িচালক,2018-08-05,৫ আগস্ট ২০১৮,সংবাদ,মতামত,full_text_permitted,,,Original publication URL is not present in the archive record; investigate separately.
missing_original_url,2018-07-29-sngbad-er-bys-bchhr,‘সংবাদ’-এর বয়স ৬৭ বছর,2018-07-29,২৯ জুলাই ২০১৮,সংবাদ,মতামত,full_text_permitted,,,Original publication URL is not present in the archive record; investigate separately.
missing_original_url,2018-07-22-bangladesh-machhe-sbyngmbhr,বাংলাদেশ মাছে স্বয়ংম্ভর,2018-07-22,২২ জুলাই ২০১৮,সংবাদ,মতামত,full_text_permitted,,,Original publication URL is not present in the archive record; investigate separately.
missing_original_url,2018-07-15-grihkrmira-youndasi-ny,গৃহকর্মীরা যৌনদাসী নয়,2018-07-15,১৫ জুলাই ২০১৮,সংবাদ,মতামত,full_text_permitted,,,Original publication URL is not present in the archive record; investigate separately.
missing_original_url,2018-07-08-ekjn-smart-krmodyogi-meyr,একজন স্মার্ট কর্মোদ্যোগী মেয়র,2018-07-08,৮ জুলাই ২০১৮,সংবাদ,মতামত,full_text_permitted,,,Original publication URL is not present in the archive record; investigate separately.
missing_original_url,2018-07-01-hyakarder-rajtb,হ্যাকারদের রাজত্ব,2018-07-01,১ জুলাই ২০১৮,সংবাদ,মতামত,full_text_permitted,,,Original publication URL is not present in the archive record; investigate separately.
missing_original_url,2018-06-24-soudi-narider-ekti-bijy,সৌদি নারীদের একটি বিজয়,2018-06-24,২৪ জুন ২০১৮,সংবাদ,মতামত,full_text_permitted,,,Original publication URL is not present in the archive record; investigate separately.
missing_original_url,2018-06-19-bangladesher-prmila-kheloyad,বাংলাদেশের প্রমীলা খেলোয়াড়,2018-06-19,১৯ জুন ২০১৮,সংবাদ,মতামত,full_text_permitted,,,Original publication URL is not present in the archive record; investigate separately.
missing_original_url,2018-06-10-mrnnesha-iyaba,মরণনেশা ইয়াবা,2018-06-10,১০ জুন ২০১৮,সংবাদ,মতামত,full_text_permitted,,,Original publication URL is not present in the archive record; investigate separately.
missing_original_url,2018-06-03-ma-der-grbhdharn,মা’দের গর্ভধারণ,2018-06-03,৩ জুন ২০১৮,সংবাদ,মতামত,full_text_permitted,,,Original publication URL is not present in the archive record; investigate separately.
missing_original_url,2018-05-27-pani-bidyu-gyas,পানি বিদ্যুৎ গ্যাস,2018-05-27,২৭ মে ২০১৮,সংবাদ,মতামত,full_text_permitted,,,Original publication URL is not present in the archive record; investigate separately.
missing_original_url,2018-05-20-snaipar-lkshybhedi-bnduk,স্নাইপার-লক্ষ্যভেদী বন্দুক,2018-05-20,২০ মে ২০১৮,সংবাদ,মতামত,full_text_permitted,,,Original publication URL is not present in the archive record; investigate separately.
missing_original_url,2018-05-13-unnynshil-desh-anunnt-manush,উন্নয়নশীল দেশ অনুন্নত মানুষ,2018-05-13,১৩ মে ২০১৮,সংবাদ,মতামত,full_text_permitted,,,Original publication URL is not present in the archive record; investigate separately.
missing_original_url,2018-05-06-nirmm-nishthurta,নির্মম নিষ্ঠুরতা,2018-05-06,৬ মে ২০১৮,সংবাদ,মতামত,full_text_permitted,,,Original publication URL is not present in the archive record; investigate separately.
missing_original_url,2018-04-29-prbhman-sngskriti-dbitiy-prb,"প্রবহমান সংস্কৃতি,দ্বিতীয় পর্ব",2018-04-29,২৯ এপ্রিল ২০১৮,সংবাদ,মতামত,full_text_permitted,,,Original publication URL is not present in the archive record; investigate separately.
missing_original_url,2018-04-22-prbahman-sngskriti-prthm-prb,"প্রবাহমান সংস্কৃতি, প্রথম পর্ব",2018-04-22,২২ এপ্রিল ২০১৮,সংবাদ,মতামত,full_text_permitted,,,Original publication URL is not present in the archive record; investigate separately.
missing_original_url,2018-04-16-kotar-mundupat,কোটার মুণ্ডুপাত!,2018-04-16,১৬ এপ্রিল ২০১৮,সংবাদ,মতামত,full_text_permitted,,,Original publication URL is not present in the archive record; investigate separately.
missing_original_url,2018-04-08-kauke-chhad-deya-hbe-na,কাউকে ছাড় দেয়া হবে না,2018-04-08,৮ এপ্রিল ২০১৮,সংবাদ,মতামত,full_text_permitted,,,Original publication URL is not present in the archive record; investigate separately.
missing_original_url,2018-04-01-sbjatik-chiki-sa,স্বজাতিক চিকিৎসা,2018-04-01,১ এপ্রিল ২০১৮,সংবাদ,মতামত,full_text_permitted,,,Original publication URL is not present in the archive record; investigate separately.
missing_original_url,2018-03-25-bharte-kttrpnthider-jyjykar,ভারতে কট্টরপন্থীদের জয়জয়কার,2018-03-25,২৫ মার্চ ২০১৮,সংবাদ,মতামত,full_text_permitted,,,Original publication URL is not present in the archive record; investigate separately.
missing_original_url,2018-03-18-day-mukti-snd,দায়-মুক্তি সনদ,2018-03-18,১৮ মার্চ ২০১৮,সংবাদ,মতামত,full_text_permitted,,,Original publication URL is not present in the archive record; investigate separately.
missing_original_url,2018-03-11-mrityunjyi-jafr-ikbal,মৃত্যুঞ্জয়ী জাফর ইকবাল,2018-03-11,১১ মার্চ ২০১৮,সংবাদ,মতামত,full_text_permitted,,,Original publication URL is not present in the archive record; investigate separately.
missing_original_url,2018-03-04-biman-atke-dil-msha,বিমান আটকে দিল মশা,2018-03-04,৪ মার্চ ২০১৮,সংবাদ,মতামত,full_text_permitted,,,Original publication URL is not present in the archive record; investigate separately.
missing_original_url,2018-01-01-feik-niuj-ayaoyard,‘ফেইক নিউজ অ্যাওয়ার্ড’,2018-02-25,২৫ ফেব্রুয়ারি ২০১৮ (Facebook post identifies publication date),সংবাদ,মতামত,full_text_permitted,,,Original publication URL is not present in the archive record; investigate separately.
missing_original_url,2018-01-01-kmiuniti-pulishing,কমিউনিটি পুলিশিং,2018-01-01,২০১৮ (তারিখ অনির্দিষ্ট),সংবাদ,মতামত,full_text_permitted,,,Original publication URL is not present in the archive record; investigate separately.
missing_original_url,2018-01-01-gultir-jny-mrityudnd,গুলতির জন্য মৃত্যুদন্ড,2018-01-01,২০১৮ (তারিখ অনির্দিষ্ট),সংবাদ,মতামত,full_text_permitted,,,Original publication URL is not present in the archive record; investigate separately.
missing_original_url,2018-01-01-ftoyabajir-yupkashthe-bli,ফতোয়াবাজির যূপকাষ্ঠে বলি,2018-01-01,২০১৮ (তারিখ অনির্দিষ্ট),সংবাদ,মতামত,full_text_permitted,,,Original publication URL is not present in the archive record; investigate separately.
missing_original_url,2018-01-01-bidyu-sbhytar-mapkathi,বিদ্যুৎ সভ্যতার মাপকাঠি,2018-01-01,২০১৮ (তারিখ অনির্দিষ্ট),সংবাদ,মতামত,full_text_permitted,,,Original publication URL is not present in the archive record; investigate separately.
missing_original_url,2018-01-01-medhar-chakuri,মেধার চাকুরী,2018-01-01,২০১৮ (তারিখ অনির্দিষ্ট),সংবাদ,মতামত,full_text_permitted,,,Original publication URL is not present in the archive record; investigate separately.
missing_original_url,2018-01-01-ye-deshe-amuslim-bhotar-ny,যে দেশে অমুসলিম ভোটার নয়,2018-01-01,২০১৮ (তারিখ অনির্দিষ্ট),সংবাদ,মতামত,full_text_permitted,,,Original publication URL is not present in the archive record; investigate separately.
missing_original_url,2018-01-01-lasher-jimmi-nishiddh,লাশের জিম্মি নিষিদ্ধ,2018-01-01,২০১৮ (তারিখ অনির্দিষ্ট),সংবাদ,মতামত,full_text_permitted,,,Original publication URL is not present in the archive record; investigate separately.
missing_original_url,2018-01-01-shirchchhede-jllader-abhab,শিরচ্ছেদে জল্লাদের অভাব,2018-01-01,২০১৮ (তারিখ অনির্দিষ্ট),সংবাদ,মতামত,full_text_permitted,,,Original publication URL is not present in the archive record; investigate separately.
missing_original_url,2017-12-04-sbpndrshta-anisul-hk,স্বপ্নদ্রষ্টা আনিসুল হক,2017-12-04,৪ ডিসেম্বর ২০১৭,সংবাদ,মতামত,full_text_permitted,,,Original publication URL is not present in the archive record; investigate separately.
missing_original_url,2017-10-16-sbasthyer-bideshmukhin-michhil,স্বাস্থ্যের বিদেশমুখিন মিছিল,2017-10-16,১৬ অক্টোবর ২০১৭,সংবাদ,মতামত,full_text_permitted,,,Original publication URL is not present in the archive record; investigate separately.
missing_original_url,2017-09-17-shnir-kble-fesbuk,শনির কবলে ফেসবুক,2017-09-17,১৭ সেপ্টেম্বর ২০১৭,সংবাদ,মতামত,full_text_permitted,,,Original publication URL is not present in the archive record; investigate separately.
missing_original_url,2017-09-10-fesbuker-shubhdik,ফেসবুকের শুভদিক,2017-09-10,১০ সেপ্টেম্বর ২০১৭,সংবাদ,মতামত,full_text_permitted,,,Original publication URL is not present in the archive record; investigate separately.
missing_original_url,2017-09-05-udbastu-rohingga,উদ্বাস্তু রোহিঙ্গা,2017-09-05,৫ সেপ্টেম্বর ২০১৭,সংবাদ,মতামত,full_text_permitted,,,Original publication URL is not present in the archive record; investigate separately.
missing_original_url,2017-08-27-chturth-bishbyuddher-mhda,চতুর্থ বিশ্বযুদ্ধের মহড়া!,2017-08-27,২৭ আগস্ট ২০১৭,সংবাদ,মতামত,full_text_permitted,,,Original publication URL is not present in the archive record; investigate separately.
missing_original_url,2017-08-06-lobhatur-drishti,লোভাতুর দৃষ্টি,2017-08-06,৬ আগস্ট ২০১৭,সংবাদ,মতামত,full_text_permitted,,,Original publication URL is not present in the archive record; investigate separately.
missing_original_url,2017-07-29-jerujalem-o-al-aksa-msjid,জেরুজালেম ও আল-আকসা মসজিদ,2017-07-29,২৯ জুলাই ২০১৭,সংবাদ,মতামত,full_text_permitted,,,Original publication URL is not present in the archive record; investigate separately.
missing_original_url,2017-07-19-dasanudas-o-grihkrmi,দাসানুদাস ও গৃহকর্মী,2017-07-19,১৯ জুলাই ২০১৭,সংবাদ,মতামত,full_text_permitted,,,Original publication URL is not present in the archive record; investigate separately.
missing_original_url,2017-01-01-isyur-abhab-nei,ইস্যুর অভাব নেই,2017-07-14,১৪ জুলাই ২০১৭,সংবাদ,মতামত,full_text_permitted,,,Original publication URL is not present in the archive record; investigate separately.
missing_original_url,2017-06-30-bishbayn-o-bhisa-prtha,বিশ্বায়ন ও ভিসা প্রথা,2017-06-30,৩০ জুন ২০১৭,সংবাদ,মতামত,full_text_permitted,,,Original publication URL is not present in the archive record; investigate separately.
missing_original_url,2017-01-01-kesht-betai-chor,কেষ্ট বেটাই চোর,2017-01-01,২০১৭ (তারিখ অনির্দিষ্ট),সংবাদ,মতামত,full_text_permitted,,,Original publication URL is not present in the archive record; investigate separately.
missing_original_url,2017-01-01-prkritir-prtishodh,প্রকৃতির প্রতিশোধ,2017-01-01,২০১৭ (তারিখ অনির্দিষ্ট),সংবাদ,মতামত,full_text_permitted,,,Original publication URL is not present in the archive record; investigate separately.
missing_original_url,2017-01-01-prshn-kra-mhapap,প্রশ্ন করা মহাপাপ,2017-01-01,২০১৭ (তারিখ অনির্দিষ্ট),সংবাদ,মতামত,full_text_permitted,,,Original publication URL is not present in the archive record; investigate separately.
