work_id,rights_status,evidence,reviewed_by,reviewed_at,notes
zea-2026-04-09-hame-shishu-mrityur-jonno-dayi-ontorborti-sorkarer-dayittojnyanhinota,full_text_permitted,Archive owner authorized full-text republication,archive owner,2026-09-27,"Complete body captured from the public Facebook post and matched to the canonical Chaarcha page https://www.chaarcha.com/thoughts/chgktm3eamzd."
zea-2026-05-10-juktorashtrer-shonge-shulko-chukti-tara-nirob-keno,full_text_permitted,Archive owner authorized full-text republication,archive owner,2026-09-27,"Complete body captured from the public Facebook post and matched to the canonical Chaarcha page https://www.chaarcha.com/thoughts/chwemhab79uq."
zea-2026-05-20-eid-utshob-orthonitir-jiboni-shokti,full_text_permitted,Archive owner authorized full-text republication,archive owner,2026-09-27,"Complete body captured from the public Facebook post and matched to the canonical Chaarcha page https://www.chaarcha.com/thoughts/chupdsqx7nfd."
zea-2026-06-09-islami-bank-niye-rajnoitik-tanaporen-keno,full_text_permitted,Archive owner authorized full-text republication,archive owner,2026-09-27,"Complete body captured from the public Facebook post and matched to the canonical Chaarcha page https://www.chaarcha.com/thoughts/ch1sqljwbi3q."
zea-2026-09-01-bidyut-jay-ase-jabab-thake-na,full_text_permitted,Archive owner authorized full-text republication,archive owner,2026-09-27,"Complete body captured from the public Facebook post and matched to the canonical Chaarcha page https://www.chaarcha.com/thoughts/chk44rjhbx8q."
zea-2026-06-29-mamlar-jote-bondi-neybichar,full_text_permitted,Archive owner authorized full-text republication,archive owner,2026-09-27,"Full article body captured from the public Facebook column post; canonical Chaarcha page verified at https://www.chaarcha.com/thoughts/ch5xdcw8i3fm."
zea-2024-06-20-okutobhoy-kutnaitik-mahiuddin-ahmad,full_text_permitted,Archive owner authorized full-text republication,archive owner,2026-09-26,"Existing full-text record reconciled against the Facebook-linked Views Bangladesh source page."
zea-2024-11-16-bangladeshe-onushrito-gonotontroer-shorup,full_text_permitted,Archive owner authorized full-text republication,archive owner,2026-09-26,"Existing full-text record reconciled against the Facebook-linked Views Bangladesh source page."
zea-2024-08-10-ismail-haniyer-karun-mrityu,full_text_permitted,Archive owner authorized full-text republication,archive owner,2026-09-26,"Existing full-text record reconciled against the Facebook-linked Views Bangladesh source page."
zea-2022-01-20-kawali-ganer-onushthan-pond,full_text_permitted,Archive owner authorized full-text republication,archive owner,2026-09-26,"Existing full-text record reconciled against the public Samprotik Deshkal source page."
zea-2026-03-15-sangbad-448,full_text_permitted,Archive owner authorized full-text republication,archive owner,2026-09-22,"Original publication image credited to Sangbad; retain source record for future image-rights review."
zea-2026-04-04-sangbad-1574,full_text_permitted,Archive owner authorized full-text republication,archive owner,2026-09-22,"Original publication image credited to Sangbad; retain source record for future image-rights review."
zea-2026-04-18-sangbad-2635,full_text_permitted,Archive owner authorized full-text republication,archive owner,2026-09-22,"Original publication image credited to Sangbad; retain source record for future image-rights review."
zea-2026-04-25-sangbad-3164,full_text_permitted,Archive owner authorized full-text republication,archive owner,2026-09-22,"Original publication image credited to Sangbad; retain source record for future image-rights review."
zea-2026-05-02-sangbad-3773,full_text_permitted,Archive owner authorized full-text republication,archive owner,2026-09-22,"Original publication image credited to Sangbad; retain source record for future image-rights review."
zea-2026-05-09-sangbad-4472,full_text_permitted,Archive owner authorized full-text republication,archive owner,2026-09-22,"Original publication image credited to Sangbad; retain source record for future image-rights review."
zea-2026-05-16-sangbad-5271,full_text_permitted,Archive owner authorized full-text republication,archive owner,2026-09-22,"Original publication image credited to Sangbad; retain source record for future image-rights review."
zea-2026-05-23-sangbad-5986,full_text_permitted,Archive owner authorized full-text republication,archive owner,2026-09-22,"Original publication image credited to Sangbad; retain source record for future image-rights review."
zea-2026-06-06-sangbad-7105,full_text_permitted,Archive owner authorized full-text republication,archive owner,2026-09-22,"Original publication image credited to Sangbad; retain source record for future image-rights review."
zea-2026-06-13-sangbad-7916,full_text_permitted,Archive owner authorized full-text republication,archive owner,2026-09-22,"Original publication image credited to Sangbad; retain source record for future image-rights review."
zea-2026-06-20-sangbad-8627,full_text_permitted,Archive owner authorized full-text republication,archive owner,2026-09-22,"Original publication image credited to Sangbad; retain source record for future image-rights review."
zea-2026-06-27-sangbad-9440,full_text_permitted,Archive owner authorized full-text republication,archive owner,2026-09-22,"Original publication image credited to Sangbad; retain source record for future image-rights review."
zea-2026-07-04-sangbad-10154,full_text_permitted,Archive owner authorized full-text republication,archive owner,2026-09-22,"Original publication image credited to Sangbad; retain source record for future image-rights review."
zea-2026-07-12-sangbad-10895,full_text_permitted,Archive owner authorized full-text republication,archive owner,2026-09-22,"Original publication image credited to Sangbad; retain source record for future image-rights review."
zea-2026-07-18-sangbad-11418,full_text_permitted,Archive owner authorized full-text republication,archive owner,2026-09-22,"Original publication image credited to Sangbad; retain source record for future image-rights review."
zea-2026-07-25-sangbad-11975,full_text_permitted,Archive owner authorized full-text republication,archive owner,2026-09-22,"Original publication image credited to Sangbad; retain source record for future image-rights review."
zea-2026-08-01-sangbad-12677,full_text_permitted,Archive owner authorized full-text republication,archive owner,2026-09-22,"Original publication image credited to Sangbad; retain source record for future image-rights review."
zea-2026-08-08-sangbad-13399,full_text_permitted,Archive owner authorized full-text republication,archive owner,2026-09-22,"Original publication image credited to Sangbad; retain source record for future image-rights review."
zea-2026-08-14-chaarcha-chsh3q21m2st,full_text_permitted,Archive owner authorized full-text republication,archive owner,2026-09-26,"Article source retrieved from the public Chaarcha page linked by the author's Facebook post; archive illustration remains a placeholder pending a topic-specific asset."
zea-2026-08-15-sangbad-14301,full_text_permitted,Archive owner authorized full-text republication,archive owner,2026-09-22,"Original publication image credited to Sangbad; retain source record for future image-rights review."
zea-2026-08-22-sangbad-14979,full_text_permitted,Archive owner authorized full-text republication,archive owner,2026-09-22,"Original publication image credited to Sangbad; retain source record for future image-rights review."
zea-2026-08-29-sangbad-15800,full_text_permitted,Archive owner authorized full-text republication,archive owner,2026-09-22,"Original publication image credited to Sangbad; retain source record for future image-rights review."
zea-2026-09-05-sangbad-16588,full_text_permitted,Archive owner authorized full-text republication,archive owner,2026-09-22,"Original publication image credited to Sangbad; retain source record for future image-rights review."
zea-2026-09-12-sangbad-17258,full_text_permitted,Archive owner authorized full-text republication,archive owner,2026-09-22,"Original publication image credited to Sangbad; retain source record for future image-rights review."
zea-2026-09-19-sangbad-18013,full_text_permitted,Archive owner authorized full-text republication,archive owner,2026-09-22,"Hero image uses approved Wikimedia Commons asset; full article and source record retained."
zea-2026-09-27-bagaromborer-arale-jobabdihitar-proshno,full_text_permitted,Archive owner authorized full-text republication,archive owner,2026-09-27,"Publisher page and public author post reconciled; original publication image is not reused and the archive uses a default editorial image."
zea-2025-10-11-durniti-ar-chadabaji-rajnoitik-shongskritir-ongsho,full_text_permitted,Archive owner authorized full-text republication,archive owner,2026-09-26,"Existing full-text record reconciled against the public author Facebook post and linked Views Bangladesh source page."
zea-2025-08-09-bishshobyapi-markinider-protishodhmulok-shulko-arope-bangladesher-obosthan-kemon-holo,full_text_permitted,Archive owner authorized full-text republication,archive owner,2026-09-26,"Existing full-text record reconciled against the public author Facebook post and linked Views Bangladesh source page."
zea-2025-08-28-bibhuranjan-shorkarer-biday-i-ki-shesh-biday-naki-tarpor-o-ache,full_text_permitted,Archive owner authorized full-text republication,archive owner,2026-09-26,"Existing full-text record reconciled against the public author Facebook post and linked Views Bangladesh source page."
zea-2022-04-04-puraskar-batil-shobhoniya-noy,full_text_permitted,Archive owner authorized full-text republication,archive owner,2026-09-26,"Full author text captured from the public Facebook post; date independently reconciled to Samprotik Deshkal evidence; original article URL remains unresolved."
zea-2025-07-20-shongskar-o-orthonoitik-unnoyoner-poth-proshostho-korun,full_text_permitted,Archive owner authorized full-text republication,archive owner,2026-09-26,"Existing full-text record reconciled against the public Facebook post and matched to the Views Bangladesh source page."
zea-2025-06-14-obosheshe-note-bazaare-esheche,full_text_permitted,Archive owner authorized full-text republication,archive owner,2026-09-26,"Existing full-text record reconciled against the public Facebook post and matched to the canonical Views Bangladesh article."
zea-2024-04-06-abontikader-atmohotya,full_text_permitted,Archive owner authorized full-text republication,archive owner,2026-09-27,"Full article body reconciled against the canonical Views Bangladesh source page."
zea-2023-08-26-american-rashtrduter-indemnity,full_text_permitted,Archive owner authorized full-text republication,archive owner,2026-09-27,"Dainik Bangla page verified the title, author, date, and article identity/body; original URL promoted after article-level verification."
zea-2023-kushikkha-theke-mukti,full_text_permitted,Archive owner authorized full-text republication,archive owner,2026-09-27,"Dainik Bangla page verified the title, author, date, and article identity/body; publication and original URL promoted after article-level verification."
